"id","url","ip","host","date","browser","referrer","domain","searchTerms"
"648750","/2011/01/hamra-abbas/","3475948528","msnbot-207-46-195-240.search.msn.com","1325522686","Mozilla/5.0 (compatible; bingbot/2.0; +http://www.bing.com/bingbot.htm)",,,NULL
"648755","/2011/08/pathways-to-stable-housing/","1123631800","crawl-66-249-66-184.googlebot.com","1325522883","Mozilla/5.0 (compatible; Googlebot/2.1; +http://www.google.com/bot.html)",,,NULL
"648756","/2011/06/brandon-alvendia-thoughts-unsaid-then-forgotten/","1123631800","crawl-66-249-66-184.googlebot.com","1325522886","Mozilla/5.0 (compatible; Googlebot/2.1; +http://www.google.com/bot.html)",,,NULL
"648760","/2011/07/29/stephen-coorlas-and-dominic-peternel-calculated-aesthetic-image/","1123633069","crawl-66-249-71-173.googlebot.com","1325523044","Mozilla/5.0 (compatible; Googlebot/2.1; +http://www.google.com/bot.html)",,,NULL
"648763","/2011/10/ryan-travis-christian-the-river-rats/","1123633009","crawl-66-249-71-113.googlebot.com","1325523119","Mozilla/5.0 (compatible; Googlebot/2.1; +http://www.google.com/bot.html)",,,NULL
"648764","/2011/05/milan-redux/","1123631800","crawl-66-249-66-184.googlebot.com","1325523150","Mozilla/5.0 (compatible; Googlebot/2.1; +http://www.google.com/bot.html)",,,NULL
"648765","/feed/atom/","1667032315","99-92-228-251.lightspeed.cicril.sbcglobal.net","1325523178","Apple-PubSub/65.28",,,NULL
"648766","/2011/06/hope-esser-and-christalena-hughmanick-retracing/","1123631800","crawl-66-249-66-184.googlebot.com","1325523207","Mozilla/5.0 (compatible; Googlebot/2.1; +http://www.google.com/bot.html)",,,NULL
"648768","/2011/08/eternity-the-rave-and-club-flyer-collection-of-bridgette-buckley/","1123631800","crawl-66-249-66-184.googlebot.com","1325523410","Mozilla/5.0 (compatible; Googlebot/2.1; +http://www.google.com/bot.html)",,,NULL
"648778","/2011/03/19/you-can-never-step-into-the-same-river-twice/","1123631859","crawl-66-249-66-243.googlebot.com","1325523588","Mozilla/5.0 (compatible; Googlebot/2.1; +http://www.google.com/bot.html)",,,NULL
"648777","/2010/10/21/","3024881173","180.76.6.21","1325523564","Mozilla/5.0 (compatible; Baiduspider/2.0; +http://www.baidu.com/search/spider.html)",,,NULL
"648952","/2010/09/anthony-huberman-i-know-that-i-know-nothing/","2071867981","123.126.50.77","1325528858","Sogou web spider/4.0(+http://www.sogou.com/docs/help/webmasters.htm#07)",,,NULL
"648977","/2011/03","1427726170","luna186.startdedicated.com","1325529236","Mozilla/4.0 (compatible; MSIE 6.0; Windows NT 5.1; SV1)",,,NULL
"648930","/2011/06/18/brian-khek-and-micah-schippa-247-lx/feed/","1123631859","crawl-66-249-66-243.googlebot.com","1325527855","Mozilla/5.0 (compatible; Googlebot/2.1; +http://www.google.com/bot.html)",,,NULL
"648940","/2010/10/buzz-spector/","3585769230","213.186.127.14.utel.net.ua","1325528310","Mozilla/5.0 (compatible; AhrefsBot/2.0; +http://ahrefs.com/robot/)",,,NULL
"648941","/category/exhibition/page/2/","1093953556","msnbot-65-52-104-20.search.msn.com","1325528312","Mozilla/5.0 (compatible; bingbot/2.0; +http://www.bing.com/bingbot.htm)",,,NULL
"648943","/2010/05/10/","3024881072","180.76.5.176","1325528354","Mozilla/5.0 (compatible; Baiduspider/2.0; +http://www.baidu.com/search/spider.html)",,,NULL
"648958","/submit/","1427726170","luna186.startdedicated.com","1325529089","Mozilla/4.0 (compatible; MSIE 6.0; Windows NT 5.1; SV1)","http://www.thevisualist.org/submit/","www.thevisualist.org",NULL
"648959","/2011/11","1427726170","luna186.startdedicated.com","1325529092","Mozilla/4.0 (compatible; MSIE 6.0; Windows NT 5.1; SV1)",,,NULL
"648964","/2011/09","1427726170","luna186.startdedicated.com","1325529137","Mozilla/4.0 (compatible; MSIE 6.0; Windows NT 5.1; SV1)",,,NULL
"648965","/2011/09/","1427726170","luna186.startdedicated.com","1325529138","Mozilla/4.0 (compatible; MSIE 6.0; Windows NT 5.1; SV1)",,,NULL
"648637","/tag/2nd-flr-gallery/?m=2010038","1123633009","crawl-66-249-71-113.googlebot.com","1325517849","Mozilla/5.0 (compatible; Googlebot/2.1; +http://www.google.com/bot.html)",,,NULL
"648642","/2011/10/ryan-travis-christian-the-river-rats/","3585769230","213.186.127.14.utel.net.ua","1325518185","Mozilla/5.0 (compatible; AhrefsBot/2.0; +http://ahrefs.com/robot/)",,,NULL
"648643","/2011/05/21/kendell-carter/feed/","1123631859","crawl-66-249-66-243.googlebot.com","1325518198","Mozilla/5.0 (compatible; Googlebot/2.1; +http://www.google.com/bot.html)",,,NULL
"648645","/2011/12/16","1248791299","pool-74-111-11-3.syrcny.fios.verizon.net","1325518307","Mozilla/5.0 (compatible; MJ12bot/v1.4.1; http://www.majestic12.co.uk/bot.php?+)",,,NULL
"648647","/2011/12/ding-dong","1248791299","pool-74-111-11-3.syrcny.fios.verizon.net","1325518311","Mozilla/5.0 (compatible; MJ12bot/v1.4.1; http://www.majestic12.co.uk/bot.php?+)",,,NULL
"648654","/2011/12/gurl-dont-be-dumb-presents-sticklip","1248791299","pool-74-111-11-3.syrcny.fios.verizon.net","1325518321","Mozilla/5.0 (compatible; MJ12bot/v1.4.1; http://www.majestic12.co.uk/bot.php?+)",,,NULL
"648655","/2011/12/gurl-dont-be-dumb-presents-sticklip/","1248791299","pool-74-111-11-3.syrcny.fios.verizon.net","1325518323","Mozilla/5.0 (compatible; MJ12bot/v1.4.1; http://www.majestic12.co.uk/bot.php?+)",,,NULL
"648705","/?m=20100211","3024881061","180.76.5.165","1325520433","Mozilla/5.0 (compatible; Baiduspider/2.0; +http://www.baidu.com/search/spider.html)",,,NULL
"648706","/2010/02/11/","3024880961","180.76.5.65","1325520433","Mozilla/5.0 (compatible; Baiduspider/2.0; +http://www.baidu.com/search/spider.html)",,,NULL
"648708","/tag/2nd-flr-gallery/?m=2011019","1123631800","crawl-66-249-66-184.googlebot.com","1325520534","Mozilla/5.0 (compatible; Googlebot/2.1; +http://www.google.com/bot.html)",,,NULL
"648709","/","1207690247","static-71-251-228-7.rcmdva.fios.verizon.net","1325520585","Mozilla/5.0 (Macintosh; U; Intel Mac OS X 10_6_4; en-us) AppleWebKit/533.16 (KHTML, like Gecko) Version/5.0 Safari/533.16",,,NULL
"648828","/2011/08/juanjose-riveras/","1123633009","crawl-66-249-71-113.googlebot.com","1325524695","Mozilla/5.0 (compatible; Googlebot/2.1; +http://www.google.com/bot.html)",,,NULL
"648829","/2011/05/r-james-healy-m-16-2/feed/","1123631800","crawl-66-249-66-184.googlebot.com","1325524703","Mozilla/5.0 (compatible; Googlebot/2.1; +http://www.google.com/bot.html)",,,NULL
"648832","/2010/11/cauleen-smith/","3024880957","180.76.5.61","1325524767","Mozilla/5.0 (compatible; Baiduspider/2.0; +http://www.baidu.com/search/spider.html)",,,NULL
"648835","/?m=20111110","1123633009","crawl-66-249-71-113.googlebot.com","1325524834","Mozilla/5.0 (compatible; Googlebot/2.1; +http://www.google.com/bot.html)",,,NULL
"648836","/2011/06/anonymous-group-exhibition/","1123631800","crawl-66-249-66-184.googlebot.com","1325524902","Mozilla/5.0 (compatible; Googlebot/2.1; +http://www.google.com/bot.html)",,,NULL
"648837","/2011/05/matthew-metzger-nocturne/feed/","1123631800","crawl-66-249-66-184.googlebot.com","1325524903","Mozilla/5.0 (compatible; Googlebot/2.1; +http://www.google.com/bot.html)",,,NULL
"648854","/2012/02/marina-abramovic-a-lecture-on-performance-and-its-future/","1258504470","adsl-75-3-65-22.dsl.chcgil.sbcglobal.net","1325525531","Mozilla/5.0 (Macintosh; Intel Mac OS X 10_7_2) AppleWebKit/535.7 (KHTML, like Gecko) Chrome/16.0.912.63 Safari/535.7",,,NULL
"648855","/2011/07/29/this-means-a-lot/","1123633069","crawl-66-249-71-173.googlebot.com","1325525586","Mozilla/5.0 (compatible; Googlebot/2.1; +http://www.google.com/bot.html)",,,NULL
"648788","/feed/","1208928002","rate-limited-proxy-72-14-199-2.google.com","1325523858","Feedfetcher-Google; (+http://www.google.com/feedfetcher.html; 19 subscribers; feed-id=17746194570529843315)",,,NULL
"648772","/2011/08/slow-and-low/","1123631800","crawl-66-249-66-184.googlebot.com","1325523510","Mozilla/5.0 (compatible; Googlebot/2.1; +http://www.google.com/bot.html)",,,NULL
"648773","/?m=20111117","1123631800","crawl-66-249-66-184.googlebot.com","1325523513","Mozilla/5.0 (compatible; Googlebot/2.1; +http://www.google.com/bot.html)",,,NULL
"648774","/?m=20110723","1123633009","crawl-66-249-71-113.googlebot.com","1325523522","Mozilla/5.0 (compatible; Googlebot/2.1; +http://www.google.com/bot.html)",,,NULL
"648783","/2011/07/im-happy-and-im-singing/","1123631800","crawl-66-249-66-184.googlebot.com","1325523716","Mozilla/5.0 (compatible; Googlebot/2.1; +http://www.google.com/bot.html)",,,NULL
"648784","/2010/06/banshee/","1123631800","crawl-66-249-66-184.googlebot.com","1325523718","Mozilla/5.0 (compatible; Googlebot/2.1; +http://www.google.com/bot.html)",,,NULL
"648785","/2011/07/stephen-coorlas-and-dominic-peternel-calculated-aesthetic-image/","1123633009","crawl-66-249-71-113.googlebot.com","1325523737","Mozilla/5.0 (compatible; Googlebot/2.1; +http://www.google.com/bot.html)",,,NULL
"648792","/2010/04/new-romantics/","3024880949","180.76.5.53","1325523972","Mozilla/5.0 (compatible; Baiduspider/2.0; +http://www.baidu.com/search/spider.html)",,,NULL
"648794","/2011/07/23/","1123631800","crawl-66-249-66-184.googlebot.com","1325523982","Mozilla/5.0 (compatible; Googlebot/2.1; +http://www.google.com/bot.html)",,,NULL
"648782","/2011/07/kaugummi-books-retrospective/","1123631800","crawl-66-249-66-184.googlebot.com","1325523698","Mozilla/5.0 (compatible; Googlebot/2.1; +http://www.google.com/bot.html)",,,NULL
"648786","/2011/06/file-type/","1123631800","crawl-66-249-66-184.googlebot.com","1325523771","Mozilla/5.0 (compatible; Googlebot/2.1; +http://www.google.com/bot.html)",,,NULL
"648787","/2011/05/the-stars-are-too-high/","3475948527","msnbot-207-46-195-239.search.msn.com","1325523831","Mozilla/5.0 (compatible; bingbot/2.0; +http://www.bing.com/bingbot.htm)",,,NULL
"648753","/2011/06/18/olivia-swider-and-julia-asherman-heartbrainlunggut/feed/","1123631859","crawl-66-249-66-243.googlebot.com","1325522820","Mozilla/5.0 (compatible; Googlebot/2.1; +http://www.google.com/bot.html)",,,NULL
"648757","/2011/08/sculpture-garden-painting-show/","1123633009","crawl-66-249-71-113.googlebot.com","1325522893","Mozilla/5.0 (compatible; Googlebot/2.1; +http://www.google.com/bot.html)",,,NULL
"648761","/?m=20100228","3024881363","180.76.6.211","1325523094","Mozilla/5.0 (compatible; Baiduspider/2.0; +http://www.baidu.com/search/spider.html)",,,NULL
"648762","/2010/02/28/","3024881057","180.76.5.161","1325523094","Mozilla/5.0 (compatible; Baiduspider/2.0; +http://www.baidu.com/search/spider.html)",,,NULL
"648767","/2010/09/wendy-white-french-cut/","3024880995","180.76.5.99","1325523333","Mozilla/5.0 (compatible; Baiduspider/2.0; +http://www.baidu.com/search/spider.html)",,,NULL
"648770","/robots.txt","1039654256","61.247.221.112","1325523426","Mozilla/4.0 (compatible; MSIE 7.0; Windows NT 5.1; IPMS/4669080A-14AF91D9EAE; TCO_20091110170859; .NET CLR 1.1.4322; .NET CLR 2.0.50727; InfoPath.2; .NET CLR 3.0.4506.2152; .NET CLR 3.5.30729)",,,NULL
"648780","/2009/12/lauren-gregory-new-work/","3585769230","213.186.127.14.utel.net.ua","1325523604","Mozilla/5.0 (compatible; AhrefsBot/2.0; +http://ahrefs.com/robot/)",,,NULL
"648781","/2011/06/olivia-swider-and-julia-asherman-heartbrainlunggut/","1123633009","crawl-66-249-71-113.googlebot.com","1325523668","Mozilla/5.0 (compatible; Googlebot/2.1; +http://www.google.com/bot.html)",,,NULL
"648814","/?m=20110419","3497226579","208.115.113.83","1325524257","Mozilla/5.0 (compatible; Ezooms/1.0; ezooms.bot@gmail.com)",,,NULL
"648821","/2010/01/15/","1123631800","crawl-66-249-66-184.googlebot.com","1325524526","Mozilla/5.0 (compatible; Googlebot/2.1; +http://www.google.com/bot.html)",,,NULL
"648822","/2011/08/if-and-only-if-necessary-and-sufficient-works-by-ruyell-ho/","1123631800","crawl-66-249-66-184.googlebot.com","1325524613","Mozilla/5.0 (compatible; Googlebot/2.1; +http://www.google.com/bot.html)",,,NULL
"648810","/2010/01/elijah-burgher/","3497226579","208.115.113.83","1325524253","Mozilla/5.0 (compatible; Ezooms/1.0; ezooms.bot@gmail.com)",,,NULL
"648799","/robots.txt","1123633009","crawl-66-249-71-113.googlebot.com","1325524057","Mozilla/5.0 (compatible; Googlebot/2.1; +http://www.google.com/bot.html)",,,NULL
"648801","/robots.txt","3475901843","msnbot-207-46-13-147.search.msn.com","1325524074","Mozilla/5.0 (compatible; bingbot/2.0; +http://www.bing.com/bingbot.htm)",,,NULL
"648803","/2011/06/brian-khek-and-micah-schippa-247-lx/","1123631800","crawl-66-249-66-184.googlebot.com","1325524159","Mozilla/5.0 (compatible; Googlebot/2.1; +http://www.google.com/bot.html)",,,NULL
"648804","/2011/10/digital-revolution/","1123631800","crawl-66-249-66-184.googlebot.com","1325524173","Mozilla/5.0 (compatible; Googlebot/2.1; +http://www.google.com/bot.html)",,,NULL
"648805","/2011/07/15/philip-von-zweck-4/","1123631859","crawl-66-249-66-243.googlebot.com","1325524177","Mozilla/5.0 (compatible; Googlebot/2.1; +http://www.google.com/bot.html)",,,NULL
"648831","/2011/05/greg-stimac-empire/","1123633009","crawl-66-249-71-113.googlebot.com","1325524737","Mozilla/5.0 (compatible; Googlebot/2.1; +http://www.google.com/bot.html)",,,NULL
"648834","/2011/04/duk-ju-l-kim/","3585769230","213.186.127.14.utel.net.ua","1325524824","Mozilla/5.0 (compatible; AhrefsBot/2.0; +http://ahrefs.com/robot/)",,,NULL
"648841","/2010/03/landscape-portrait-still-life/feed/","1123633009","crawl-66-249-71-113.googlebot.com","1325524989","Mozilla/5.0 (compatible; Googlebot/2.1; +http://www.google.com/bot.html)",,,NULL
"648811","/2011/11/joshua-sampson-a-device-for-seeing/","3497226579","208.115.113.83","1325524254","Mozilla/5.0 (compatible; Ezooms/1.0; ezooms.bot@gmail.com)",,,NULL
"648816","/2011/01/","1093954584","msnbot-65-52-108-24.search.msn.com","1325524349","Mozilla/5.0 (compatible; bingbot/2.0; +http://www.bing.com/bingbot.htm)",,,NULL
"648819","/2011/07/17/aron-gent-not-quite-as-good-because-of-you/","1123631859","crawl-66-249-66-243.googlebot.com","1325524488","Mozilla/5.0 (compatible; Googlebot/2.1; +http://www.google.com/bot.html)",,,NULL
"648749","/2010/03/alex-hubbard-and-jon-pestoni/","3024880960","180.76.5.64","1325522633","Mozilla/5.0 (compatible; Baiduspider/2.0; +http://www.baidu.com/search/spider.html)",,,NULL
"648751","/2011/07/holly-murkerson/","1123631800","crawl-66-249-66-184.googlebot.com","1325522730","Mozilla/5.0 (compatible; Googlebot/2.1; +http://www.google.com/bot.html)",,,NULL
"648754","/2010/09/lauren-anderson-faux-weirdo/","3024881047","180.76.5.151","1325522863","Mozilla/5.0 (compatible; Baiduspider/2.0; +http://www.baidu.com/search/spider.html)",,,NULL
"648758","/2011/07/16/roe-ethridge-margarete-jakschik-and-jonas-wood/","1123631859","crawl-66-249-66-243.googlebot.com","1325523016","Mozilla/5.0 (compatible; Googlebot/2.1; +http://www.google.com/bot.html)",,,NULL
"648676","/2011/05/elina-malkin-fake-can-be-just-as-inefficient/","1123633009","crawl-66-249-71-113.googlebot.com","1325519180","Mozilla/5.0 (compatible; Googlebot/2.1; +http://www.google.com/bot.html)",,,NULL
"648680","/2011/05/08/frank-piatek-lecture-notes-working-drawing-ludibrium-world-trees-that-float/","1123631859","crawl-66-249-66-243.googlebot.com","1325519297","Mozilla/5.0 (compatible; Googlebot/2.1; +http://www.google.com/bot.html)",,,NULL
"648681","/2010/05/sebastian-vallejo-lux/","3024881052","180.76.5.156","1325519328","Mozilla/5.0 (compatible; Baiduspider/2.0; +http://www.baidu.com/search/spider.html)",,,NULL
"648685","/feed/atom/","1667032315","99-92-228-251.lightspeed.cicril.sbcglobal.net","1325519573","Apple-PubSub/65.28",,,NULL
"648687","/robots.txt","3475901676","msnbot-207-46-12-236.search.msn.com","1325519597","Mozilla/5.0 (compatible; bingbot/2.0; +http://www.bing.com/bingbot.htm)",,,NULL
"648688","/2011/07/addis-experience/","1123633009","crawl-66-249-71-113.googlebot.com","1325519619","Mozilla/5.0 (compatible; Googlebot/2.1; +http://www.google.com/bot.html)",,,NULL
"648689","/2010/02/flat-5/","3024881052","180.76.5.156","1325519626","Mozilla/5.0 (compatible; Baiduspider/2.0; +http://www.baidu.com/search/spider.html)",,,NULL
"648696","/2011/11/larry-lee-a-paler-shade-of-yellow/","1123631800","crawl-66-249-66-184.googlebot.com","1325519936","Mozilla/5.0 (compatible; Googlebot/2.1; +http://www.google.com/bot.html)",,,NULL
"648694","/2011/06/go-figure/","1123631800","crawl-66-249-66-184.googlebot.com","1325519842","Mozilla/5.0 (compatible; Googlebot/2.1; +http://www.google.com/bot.html)",,,NULL
"648698","/2011/07/roe-ethridge-margarete-jakschik-and-jonas-wood/","1123631800","crawl-66-249-66-184.googlebot.com","1325520025","Mozilla/5.0 (compatible; Googlebot/2.1; +http://www.google.com/bot.html)",,,NULL
"648699","/2010/05/yvette-dostatni-and-alexandra-dietz-after-eggleston/","3024880989","180.76.5.93","1325520202","Mozilla/5.0 (compatible; Baiduspider/2.0; +http://www.baidu.com/search/spider.html)",,,NULL
"648700","/2011/05/07/matthew-metzger-nocturne/","1123631859","crawl-66-249-66-243.googlebot.com","1325520234","Mozilla/5.0 (compatible; Googlebot/2.1; +http://www.google.com/bot.html)",,,NULL
"648703","/2011/12/03/","2071867981","123.126.50.77","1325520338","Sogou web spider/4.0(+http://www.sogou.com/docs/help/webmasters.htm#07)",,,NULL
"648697","/robots.txt","1123631800","crawl-66-249-66-184.googlebot.com","1325520024","Mozilla/5.0 (compatible; Googlebot/2.1; +http://www.google.com/bot.html)",,,NULL
"648973","/2011/05/","1427726170","luna186.startdedicated.com","1325529201","Mozilla/4.0 (compatible; MSIE 6.0; Windows NT 5.1; SV1)",,,NULL
"648978","/2011/03/","1427726170","luna186.startdedicated.com","1325529240","Mozilla/4.0 (compatible; MSIE 6.0; Windows NT 5.1; SV1)",,,NULL
"648827","/2011/07/philip-von-zweck-4/feed/","1123631800","crawl-66-249-66-184.googlebot.com","1325524674","Mozilla/5.0 (compatible; Googlebot/2.1; +http://www.google.com/bot.html)",,,NULL
"648830","/2010/12/john-almanza-and-cameron-crawford/","1123631800","crawl-66-249-66-184.googlebot.com","1325524729","Mozilla/5.0 (compatible; Googlebot/2.1; +http://www.google.com/bot.html)",,,NULL
"648838","/2011/06/priscilla-stadler-favors/","3475901455","msnbot-207-46-12-15.search.msn.com","1325524925","Mozilla/4.0 (compatible; MSIE 7.0; Windows NT 5.2;  SV1;  .NET CLR 1.1.4322;  .NET CLR 2.0.40607;  .NET CLR 3.0.04506.648)",,,NULL
"648840","/2010/07/the-annual-cardboard-show/","1123631800","crawl-66-249-66-184.googlebot.com","1325524986","Mozilla/5.0 (compatible; Googlebot/2.1; +http://www.google.com/bot.html)",,,NULL
"648848","/2011/09/reduction-or-something-less/","1123631800","crawl-66-249-66-184.googlebot.com","1325525155","Mozilla/5.0 (compatible; Googlebot/2.1; +http://www.google.com/bot.html)",,,NULL
"648861","/?m=20111028","1123631800","crawl-66-249-66-184.googlebot.com","1325525742","Mozilla/5.0 (compatible; Googlebot/2.1; +http://www.google.com/bot.html)",,,NULL
"648864","/2011/07/08/sioban-lombardi-and-gwendolyn-zabicki-the-exceptional-ordinary/feed/","1123631859","crawl-66-249-66-243.googlebot.com","1325525810","Mozilla/5.0 (compatible; Googlebot/2.1; +http://www.google.com/bot.html)",,,NULL
"648806","/2010/08/justin-thomas-schaefer-practice-makes-purpose/","1123631800","crawl-66-249-66-184.googlebot.com","1325524208","Mozilla/5.0 (compatible; Googlebot/2.1; +http://www.google.com/bot.html)",,,NULL
"648809","/2009/12/exhibition-3-12052009/","3497226579","208.115.113.83","1325524251","Mozilla/5.0 (compatible; Ezooms/1.0; ezooms.bot@gmail.com)",,,NULL
"648815","/2011/11/forum-400-launch-party/","1123633009","crawl-66-249-71-113.googlebot.com","1325524299","Mozilla/5.0 (compatible; Googlebot/2.1; +http://www.google.com/bot.html)",,,NULL
"648817","/2010/10/dana-degiulio-and-molly-zuckerman-hartung-to-fill-a-gap%E2%80%94insert-the-thing-that-caused-it/","3024881068","180.76.5.172","1325524409","Mozilla/5.0 (compatible; Baiduspider/2.0; +http://www.baidu.com/search/spider.html)",,,NULL
"648818","/?m=20111113","1123631800","crawl-66-249-66-184.googlebot.com","1325524473","Mozilla/5.0 (compatible; Googlebot/2.1; +http://www.google.com/bot.html)",,,NULL
"648968","/2011/08/","1427726170","luna186.startdedicated.com","1325529151","Mozilla/4.0 (compatible; MSIE 6.0; Windows NT 5.1; SV1)",,,NULL
"648866","/robots.txt","3475901678","msnbot-207-46-12-238.search.msn.com","1325525899","Mozilla/5.0 (compatible; bingbot/2.0; +http://www.bing.com/bingbot.htm)",,,NULL
"648880","/2011/06/11/brandon-alvendia-thoughts-unsaid-then-forgotten/","1123631859","crawl-66-249-66-243.googlebot.com","1325526335","Mozilla/5.0 (compatible; Googlebot/2.1; +http://www.google.com/bot.html)",,,NULL
"648882","/?m=20111020","1123633009","crawl-66-249-71-113.googlebot.com","1325526440","Mozilla/5.0 (compatible; Googlebot/2.1; +http://www.google.com/bot.html)",,,NULL
"648883","/2011/11/water-tom-burtonwood-holly-holmes-james-jankowiak/","1123632011","crawl-66-249-67-139.googlebot.com","1325526443","Mozilla/5.0 (compatible; Googlebot/2.1; +http://www.google.com/bot.html)",,,NULL
"648881","/2011/09/beach-party-iv-forbidden-pair-of-dice-the-final-chapter/","1123633009","crawl-66-249-71-113.googlebot.com","1325526375","Mozilla/5.0 (compatible; Googlebot/2.1; +http://www.google.com/bot.html)",,,NULL
"648889","/2011/11/18/","2071867981","123.126.50.77","1325526610","Sogou web spider/4.0(+http://www.sogou.com/docs/help/webmasters.htm#07)",,,NULL
"648887","/2011/09/overkill/","1123631800","crawl-66-249-66-184.googlebot.com","1325526558","Mozilla/5.0 (compatible; Googlebot/2.1; +http://www.google.com/bot.html)",,,NULL
"648922","/2010/09/autumn-ramsey/","2071867981","123.126.50.77","1325527665","Sogou web spider/4.0(+http://www.sogou.com/docs/help/webmasters.htm#07)",,,NULL
"648914","/2012/01/moves-thinks-repeats-pauses/","412359607","24-148-27-183.c3-0.grn-ubr1.chi-grn.il.cable.rcn.com","1325527414","Mozilla/5.0 (Macintosh; U; Intel Mac OS X 10.6; en-US; rv:1.9.2.25) Gecko/20111212 Firefox/3.6.25","http://www.thevisualist.org/","www.thevisualist.org",NULL
"648916","/2011/01/gerard-byrne-a-thing-is-a-hole-in-a-thing-it-is-not/?utm_source=twitterfeed&utm_medium=twitter","3024880949","180.76.5.53","1325527515","Mozilla/5.0 (compatible; Baiduspider/2.0; +http://www.baidu.com/search/spider.html)",,,NULL
"648918","/feed/","1208928002","rate-limited-proxy-72-14-199-2.google.com","1325527572","Feedfetcher-Google; (+http://www.google.com/feedfetcher.html; 19 subscribers; feed-id=17746194570529843315)",,,NULL
"648919","/?p=3774","2071867981","123.126.50.77","1325527655","Sogou web spider/4.0(+http://www.sogou.com/docs/help/webmasters.htm#07)",,,NULL
"648939","/2011/06/11/ryan-thompson-dark-flight/","1093953556","msnbot-65-52-104-20.search.msn.com","1325528279","Mozilla/5.0 (compatible; bingbot/2.0; +http://www.bing.com/bingbot.htm)",,,NULL
"648946","/2011/05/21/gregg-bordowitz/","1123633069","crawl-66-249-71-173.googlebot.com","1325528435","Mozilla/5.0 (compatible; Googlebot/2.1; +http://www.google.com/bot.html)",,,NULL
"648842","/2010/02/ryan-travis-christian-and-jonathan-runcio/","3507649568","www.reputation.com","1325525006","Mozilla/5.0",,,NULL
"648845","/","406839347","c-24-63-224-51.hsd1.ma.comcast.net","1325525085","Mozilla/5.0 (Macintosh; Intel Mac OS X 10_5_8) AppleWebKit/534.50.2 (KHTML, like Gecko) Version/5.0.6 Safari/533.22.3",,,NULL
"648849","/2011/02/dave-mckenzie/","2071867981","123.126.50.77","1325525222","Sogou web spider/4.0(+http://www.sogou.com/docs/help/webmasters.htm#07)",,,NULL
"648850","/2011/07/23/zoe-strauss-on-the-beach-works-in-progress-slideshows/","1123631859","crawl-66-249-66-243.googlebot.com","1325525244","Mozilla/5.0 (compatible; Googlebot/2.1; +http://www.google.com/bot.html)",,,NULL
"648795","/2011/09/11/","1123631800","crawl-66-249-66-184.googlebot.com","1325523984","Mozilla/5.0 (compatible; Googlebot/2.1; +http://www.google.com/bot.html)",,,NULL
"648791","/2010/01/joseph-cassan-matters/feed/","1123633009","crawl-66-249-71-113.googlebot.com","1325523925","Mozilla/5.0 (compatible; Googlebot/2.1; +http://www.google.com/bot.html)",,,NULL
"648793","/2011/11/17/","1123631800","crawl-66-249-66-184.googlebot.com","1325523979","Mozilla/5.0 (compatible; Googlebot/2.1; +http://www.google.com/bot.html)",,,NULL
"648796","/2011/05/ute-meta-bauer/","1437736375","e178029183.adsl.alicedsl.de","1325524026","Mozilla/5.0 (Macintosh; Intel Mac OS X 10_6_8) AppleWebKit/534.52.7 (KHTML, like Gecko) Version/5.1.2 Safari/534.52.7","http://www.google.com/url?sa=t&rct=j&q=ute%20meta%20bauer&source=blogsearch&cd=3&ved=0CDwQmAEwAg&url=http%3A%2F%2Fwww.thevisualist.org%2F2011%2F05%2Fute-meta-bauer%2F&ctbm=blg&ei=-OMBT6CmF-L54QTm--GRCA&usg=AFQjCNFkEHnNT-CPfRf_DMrtRRWxXwOFSA","www.google.com","ute meta bauer"
"648917","/2011/03/drop-it-like-its-not/","3475901678","msnbot-207-46-12-238.search.msn.com","1325527551","Mozilla/5.0 (compatible; bingbot/2.0; +http://www.bing.com/bingbot.htm)",,,NULL
"648923","/tag/hinge-gallery/","1825068352","108-200-85-64.lightspeed.cicril.sbcglobal.net","1325527713","Mozilla/5.0 (Macintosh; Intel Mac OS X 10_7_2) AppleWebKit/534.52.7 (KHTML, like Gecko) Version/5.1.2 Safari/534.52.7","http://www.thevisualist.org/2012/01/group-exhibition/","www.thevisualist.org",NULL
"648924","/robots.txt","1123631859","crawl-66-249-66-243.googlebot.com","1325527726","Mozilla/5.0 (compatible; Googlebot/2.1; +http://www.google.com/bot.html)",,,NULL
"648868","/tag/evanston/","3475901678","msnbot-207-46-12-238.search.msn.com","1325525953","Mozilla/5.0 (compatible; bingbot/2.0; +http://www.bing.com/bingbot.htm)",,,NULL
"648869","/2009/12/14/amanda-ross-ho/","1123631859","crawl-66-249-66-243.googlebot.com","1325525990","Mozilla/5.0 (compatible; Googlebot/2.1; +http://www.google.com/bot.html)",,,NULL
"648870","/2010/10/cornet-baldwin-heliopolis/","1123633009","crawl-66-249-71-113.googlebot.com","1325526024","Mozilla/5.0 (compatible; Googlebot/2.1; +http://www.google.com/bot.html)",,,NULL
"648875","/2011/07/this-means-a-lot/","1123631800","crawl-66-249-66-184.googlebot.com","1325526174","Mozilla/5.0 (compatible; Googlebot/2.1; +http://www.google.com/bot.html)",,,NULL
"648877","/2011/03/gillgill/","1123631800","crawl-66-249-66-184.googlebot.com","1325526233","Mozilla/5.0 (compatible; Googlebot/2.1; +http://www.google.com/bot.html)",,,NULL
"648857","/2010/11/ethan-breckenridge-and-sean-dack/","1123631800","crawl-66-249-66-184.googlebot.com","1325525635","Mozilla/5.0 (compatible; Googlebot/2.1; +http://www.google.com/bot.html)",,,NULL
"648858","/?m=20100428","3024881046","180.76.5.150","1325525688","Mozilla/5.0 (compatible; Baiduspider/2.0; +http://www.baidu.com/search/spider.html)",,,NULL
"648860","/2011/11/10/","1123631800","crawl-66-249-66-184.googlebot.com","1325525733","Mozilla/5.0 (compatible; Googlebot/2.1; +http://www.google.com/bot.html)",,,NULL
"648856","/2011/05/07/milan-redux/","1123633069","crawl-66-249-71-173.googlebot.com","1325525621","Mozilla/5.0 (compatible; Googlebot/2.1; +http://www.google.com/bot.html)",,,NULL
"648859","/2010/04/28/","3024880990","180.76.5.94","1325525688","Mozilla/5.0 (compatible; Baiduspider/2.0; +http://www.baidu.com/search/spider.html)",,,NULL
"648865","/2010/02/sterling-ruby-and-robert-hobbs/","3585769230","213.186.127.14.utel.net.ua","1325525842","Mozilla/5.0 (compatible; AhrefsBot/2.0; +http://ahrefs.com/robot/)",,,NULL
"648867","/2011/05/20/rachel-niffenegger-and-paul-nudd/feed/","1123631859","crawl-66-249-66-243.googlebot.com","1325525948","Mozilla/5.0 (compatible; Googlebot/2.1; +http://www.google.com/bot.html)",,,NULL
"648871","/2010/05/tony-tasset/","3585769230","213.186.127.14.utel.net.ua","1325526090","Mozilla/5.0 (compatible; AhrefsBot/2.0; +http://ahrefs.com/robot/)",,,NULL
"648872","/2010/11/touch-and-go-ray-yoshida-and-his-spheres-of-influence/","3024881383","180.76.6.231","1325526100","Mozilla/5.0 (compatible; Baiduspider/2.0; +http://www.baidu.com/search/spider.html)",,,NULL
"648879","/2011/07/joshua-cox-within-chicago/","1123633009","crawl-66-249-71-113.googlebot.com","1325526294","Mozilla/5.0 (compatible; Googlebot/2.1; +http://www.google.com/bot.html)",,,NULL
"648886","/2011/10/28/","1123631800","crawl-66-249-66-184.googlebot.com","1325526529","Mozilla/5.0 (compatible; Googlebot/2.1; +http://www.google.com/bot.html)",,,NULL
"648999","/2010/06","1427726170","luna186.startdedicated.com","1325529364","Mozilla/4.0 (compatible; MSIE 6.0; Windows NT 5.1; SV1)",,,NULL
"649022","/2011/09/artists-at-work-forum-alternatives-to-the-for-profit-gallery-system/","3275137570","195.54.162.34","1325530140","Mozilla/4.0 (compatible; MSIE 6.0; Windows 98; Win 9x 4.90)","http://www.thevisualist.org/2011/09/artists-at-work-forum-alternatives-to-the-for-profit-gallery-system/","www.thevisualist.org",NULL
"649025","/robots.txt","3497226051","208-115-111-67-reverse.wowrack.com","1325530176","Mozilla/5.0 (compatible; Ezooms/1.0; ezooms.bot@gmail.com)",,,NULL
"649027","/submit/","2923911446","ip174-71-89-22.om.om.cox.net","1325530313","Mozilla/5.0 (Macintosh; Intel Mac OS X 10_6_8) AppleWebKit/535.7 (KHTML, like Gecko) Chrome/16.0.912.63 Safari/535.7","http://www.thevisualist.org/submit/","www.thevisualist.org",NULL
"648650","/2010/05/robert-macneill-frozen-music/","3024881089","180.76.5.193","1325518315","Mozilla/5.0 (compatible; Baiduspider/2.0; +http://www.baidu.com/search/spider.html)",,,NULL
"648651","/2011/12/elliot-reed-till-the-world-ends","1248791299","pool-74-111-11-3.syrcny.fios.verizon.net","1325518315","Mozilla/5.0 (compatible; MJ12bot/v1.4.1; http://www.majestic12.co.uk/bot.php?+)",,,NULL
"648652","/2011/12/elliot-reed-till-the-world-ends/","1248791299","pool-74-111-11-3.syrcny.fios.verizon.net","1325518317","Mozilla/5.0 (compatible; MJ12bot/v1.4.1; http://www.majestic12.co.uk/bot.php?+)",,,NULL
"648656","/2011/12/karsten-lund-strange-weather-vague-suspicions","1248791299","pool-74-111-11-3.syrcny.fios.verizon.net","1325518325","Mozilla/5.0 (compatible; MJ12bot/v1.4.1; http://www.majestic12.co.uk/bot.php?+)",,,NULL
"648657","/2011/12/karsten-lund-strange-weather-vague-suspicions/","1248791299","pool-74-111-11-3.syrcny.fios.verizon.net","1325518327","Mozilla/5.0 (compatible; MJ12bot/v1.4.1; http://www.majestic12.co.uk/bot.php?+)",,,NULL
"648658","/www.aldermanexhibitions.com","1248791299","pool-74-111-11-3.syrcny.fios.verizon.net","1325518329","Mozilla/5.0 (compatible; MJ12bot/v1.4.1; http://www.majestic12.co.uk/bot.php?+)",,,NULL
"648663","/2011/05/01/zak-kitnick-and-valerie-snobeck/","1123631859","crawl-66-249-66-243.googlebot.com","1325518797","Mozilla/5.0 (compatible; Googlebot/2.1; +http://www.google.com/bot.html)",,,NULL
"648664","/2011/10/albert-oehlen-painthing-on-the-move-2/","1444774567","cpc6-lea22-2-0-cust166.6-3.cable.virginmedia.com","1325518849","Mozilla/5.0 (Windows NT 6.1; WOW64) AppleWebKit/535.2 (KHTML, like Gecko) Chrome/15.0.874.106 Safari/535.2","http://www.google.com/imgres?q=albert+oehlen&hl=zh-CN&sa=X&biw=1364&bih=548&tbm=isch&prmd=imvnsl&tbnid=LjlFHQ2I83CU3M:&imgrefurl=http://www.thevisualist.org/2011/10/albert-oehlen-painthing-on-the-move-2/&docid=KLkrYocFn5gaRM&imgurl=http://www.thevisualist","www.google.com","albert oehlen"
"648668","/2011/05/r-james-healy-m-16-2/","1123631800","crawl-66-249-66-184.googlebot.com","1325518975","Mozilla/5.0 (compatible; Googlebot/2.1; +http://www.google.com/bot.html)",,,NULL
"648947","/wp-cron.php?doing_wp_cron=1325528573","3098365794","server6.lithiumhosting.com","1325528573","WordPress/3.3; http://www.thevisualist.org",,,NULL
"648948","/robots.txt","1123631800","crawl-66-249-66-184.googlebot.com","1325528573","Mozilla/5.0 (compatible; Googlebot/2.1; +http://www.google.com/bot.html)",,,NULL
"648949","/2011/05/07/a-rod-stewart-little-richard-prince-charles-manson-family/","1123631859","crawl-66-249-66-243.googlebot.com","1325528576","Mozilla/5.0 (compatible; Googlebot/2.1; +http://www.google.com/bot.html)",,,NULL
"648950","/2010/02/maybes/","3585769230","213.186.127.14.utel.net.ua","1325528666","Mozilla/5.0 (compatible; AhrefsBot/2.0; +http://ahrefs.com/robot/)",,,NULL
"648951","/2011/01/guy-tillim-and-krista-thompson/","3024881172","180.76.6.20","1325528805","Mozilla/5.0 (compatible; Baiduspider/2.0; +http://www.baidu.com/search/spider.html)",,,NULL
"648955","/2011/06/11/ryan-thompson-dark-flight/","1123633069","crawl-66-249-71-173.googlebot.com","1325529039","Mozilla/5.0 (compatible; Googlebot/2.1; +http://www.google.com/bot.html)",,,NULL
"648956","/2011/06/24/cut-bit-and-curious/feed/","1123633069","crawl-66-249-71-173.googlebot.com","1325529074","Mozilla/5.0 (compatible; Googlebot/2.1; +http://www.google.com/bot.html)",,,NULL
"648888","/2009/11/death-party/","1123631800","crawl-66-249-66-184.googlebot.com","1325526564","Mozilla/5.0 (compatible; Googlebot/2.1; +http://www.google.com/bot.html)",,,NULL
"648892","/2010/04/sol-lewitt/","3024880953","180.76.5.57","1325526686","Mozilla/5.0 (compatible; Baiduspider/2.0; +http://www.baidu.com/search/spider.html)",,,NULL
"648893","/feed/atom/","1667032315","99-92-228-251.lightspeed.cicril.sbcglobal.net","1325526782","Apple-PubSub/65.28",,,NULL
"648895","/2011/06/17/hang-in-there/","1123633069","crawl-66-249-71-173.googlebot.com","1325526790","Mozilla/5.0 (compatible; Googlebot/2.1; +http://www.google.com/bot.html)",,,NULL
"648894","/2010/06/12/banshee/","1123633069","crawl-66-249-71-173.googlebot.com","1325526786","Mozilla/5.0 (compatible; Googlebot/2.1; +http://www.google.com/bot.html)",,,NULL
"648896","/2011/12/14/","1123631800","crawl-66-249-66-184.googlebot.com","1325526804","Mozilla/5.0 (compatible; Googlebot/2.1; +http://www.google.com/bot.html)",,,NULL
"648897","/2011/10/abstract-spaces-mediating-the-built-environment/","1123633009","crawl-66-249-71-113.googlebot.com","1325526816","Mozilla/5.0 (compatible; Googlebot/2.1; +http://www.google.com/bot.html)",,,NULL
"648899","/2011/06/04/john-henderson-12-x-12/","1123631859","crawl-66-249-66-243.googlebot.com","1325526910","Mozilla/5.0 (compatible; Googlebot/2.1; +http://www.google.com/bot.html)",,,NULL
"648901","/2011/06/18/brian-khek-and-micah-schippa-247-lx/","1123633069","crawl-66-249-71-173.googlebot.com","1325526961","Mozilla/5.0 (compatible; Googlebot/2.1; +http://www.google.com/bot.html)",,,NULL
"648909","/2011/12/ding-dong/","3585769230","213.186.127.14.utel.net.ua","1325527220","Mozilla/5.0 (compatible; AhrefsBot/2.0; +http://ahrefs.com/robot/)",,,NULL
"648910","/about/","1658253511","c-98-214-240-199.hsd1.il.comcast.net","1325527247","Mozilla/5.0 (Macintosh; Intel Mac OS X 10_6_8) AppleWebKit/535.7 (KHTML, like Gecko) Chrome/16.0.912.63 Safari/535.7","http://www.thevisualist.org/","www.thevisualist.org",NULL
"648911","/2011/10/20/","1123633009","crawl-66-249-71-113.googlebot.com","1325527316","Mozilla/5.0 (compatible; Googlebot/2.1; +http://www.google.com/bot.html)",,,NULL
"648915","/2011/05/frank-piatek-lecture-notes-working-drawing-ludibrium-world-trees-that-float/feed/","1123633009","crawl-66-249-71-113.googlebot.com","1325527420","Mozilla/5.0 (compatible; Googlebot/2.1; +http://www.google.com/bot.html)",,,NULL
"648913","/2010/08/alex-fuller-and-gabe-usadel-sameness-book-release-party/feed/","1123631800","crawl-66-249-66-184.googlebot.com","1325527412","Mozilla/5.0 (compatible; Googlebot/2.1; +http://www.google.com/bot.html)",,,NULL
"648920","/?m=20091214","1123631800","crawl-66-249-66-184.googlebot.com","1325527659","Mozilla/5.0 (compatible; Googlebot/2.1; +http://www.google.com/bot.html)",,,NULL
"648921","/2012/01/group-exhibition/","1825068352","108-200-85-64.lightspeed.cicril.sbcglobal.net","1325527660","Mozilla/5.0 (Macintosh; Intel Mac OS X 10_7_2) AppleWebKit/534.52.7 (KHTML, like Gecko) Version/5.1.2 Safari/534.52.7","http://www.thevisualist.org/","www.thevisualist.org",NULL
"648926","/2010/03/gerold-miller-and-ann-pibal/","1123631800","crawl-66-249-66-184.googlebot.com","1325527784","Mozilla/5.0 (compatible; Googlebot/2.1; +http://www.google.com/bot.html)",,,NULL
"648800","/2011/05/21/greg-stimac-empire/feed/","1123631859","crawl-66-249-66-243.googlebot.com","1325524058","Mozilla/5.0 (compatible; Googlebot/2.1; +http://www.google.com/bot.html)",,,NULL
"648907","/2010/11/thorne-brandt-and-elisa-harkins/","1123633009","crawl-66-249-71-113.googlebot.com","1325527175","Mozilla/5.0 (compatible; Googlebot/2.1; +http://www.google.com/bot.html)",,,NULL
"648908","/2011/09/wood-type-evolved-experimental-letterpress-relief-printing-in-the-21st-century/","1123631800","crawl-66-249-66-184.googlebot.com","1325527177","Mozilla/5.0 (compatible; Googlebot/2.1; +http://www.google.com/bot.html)",,,NULL
"648807","/2011/01/peter-saul-stupid-arguments-and-brian-calvin-new-paintings/","1123631800","crawl-66-249-66-184.googlebot.com","1325524211","Mozilla/5.0 (compatible; Googlebot/2.1; +http://www.google.com/bot.html)",,,NULL
"648808","/2011/06/ryan-thompson-dark-flight/","1123631800","crawl-66-249-66-184.googlebot.com","1325524244","Mozilla/5.0 (compatible; Googlebot/2.1; +http://www.google.com/bot.html)",,,NULL
"648812","/2011/11/tantalized-20-paintings-by-andrew-ek-and-dana-toft/","3497226579","208.115.113.83","1325524255","Mozilla/5.0 (compatible; Ezooms/1.0; ezooms.bot@gmail.com)",,,NULL
"648813","/?m=20110213","3497226579","208.115.113.83","1325524256","Mozilla/5.0 (compatible; Ezooms/1.0; ezooms.bot@gmail.com)",,,NULL
"648839","/wp-cron.php?doing_wp_cron=1325524986","3098365794","server6.lithiumhosting.com","1325524986","WordPress/3.3; http://www.thevisualist.org",,,NULL
"648843","/2010/09/nick-cave-drive-by/","1123631800","crawl-66-249-66-184.googlebot.com","1325525062","Mozilla/5.0 (compatible; Googlebot/2.1; +http://www.google.com/bot.html)",,,NULL
"648844","/","406839347","c-24-63-224-51.hsd1.ma.comcast.net","1325525084","Mozilla/5.0 (Macintosh; Intel Mac OS X 10_5_8) AppleWebKit/534.50.2 (KHTML, like Gecko) Version/5.0.6 Safari/533.22.3",,,NULL
"648969","/2011/07","1427726170","luna186.startdedicated.com","1325529187","Mozilla/4.0 (compatible; MSIE 6.0; Windows NT 5.1; SV1)",,,NULL
"648970","/2011/06","1427726170","luna186.startdedicated.com","1325529191","Mozilla/4.0 (compatible; MSIE 6.0; Windows NT 5.1; SV1)",,,NULL
"648979","/2011/02","1427726170","luna186.startdedicated.com","1325529244","Mozilla/4.0 (compatible; MSIE 6.0; Windows NT 5.1; SV1)",,,NULL
"648981","/2011/01","1427726170","luna186.startdedicated.com","1325529254","Mozilla/4.0 (compatible; MSIE 6.0; Windows NT 5.1; SV1)",,,NULL
"648985","/2010/12/","1427726170","luna186.startdedicated.com","1325529266","Mozilla/4.0 (compatible; MSIE 6.0; Windows NT 5.1; SV1)",,,NULL
"648986","/2010/11","1427726170","luna186.startdedicated.com","1325529273","Mozilla/4.0 (compatible; MSIE 6.0; Windows NT 5.1; SV1)",,,NULL
"649035","/2011/10/22/","1123633009","crawl-66-249-71-113.googlebot.com","1325530519","Mozilla/5.0 (compatible; Googlebot/2.1; +http://www.google.com/bot.html)",,,NULL
"649083","/2011/09/voices-rhea-anastas/","408215589","S0106001fe15dd9b6.vc.shawcable.net","1325531804","Mozilla/5.0 (Windows NT 6.1; WOW64) AppleWebKit/535.7 (KHTML, like Gecko) Chrome/16.0.912.63 Safari/535.7","http://www.google.ca/imgres?q=gareth+james&um=1&hl=en&safe=off&sa=N&biw=1138&bih=555&tbm=isch&tbnid=lfbcsO7r-xRduM:&imgrefurl=http://www.thevisualist.org/2011/09/voices-rhea-anastas/&docid=kRPZyLYMcJaPQM&imgurl=http://www.thevisualist.org/wp-content/uploa","www.google.ca","gareth james"
"649071","/2010/07/10/the-annual-cardboard-show/","1123633069","crawl-66-249-71-173.googlebot.com","1325531403","Mozilla/5.0 (compatible; Googlebot/2.1; +http://www.google.com/bot.html)",,,NULL
"649096","/2011/06/18/anonymous-group-exhibition/","1123633069","crawl-66-249-71-173.googlebot.com","1325532340","Mozilla/5.0 (compatible; Googlebot/2.1; +http://www.google.com/bot.html)",,,NULL
"649099","/2011/05/scott-whipkey/","2637631709","msnbot-157-55-16-221.search.msn.com","1325532485","Mozilla/5.0 (compatible; bingbot/2.0; +http://www.bing.com/bingbot.htm)",,,NULL
"649101","/2011/03/aliza-nisenbaum/","1123633009","crawl-66-249-71-113.googlebot.com","1325532657","Mozilla/5.0 (compatible; Googlebot/2.1; +http://www.google.com/bot.html)",,,NULL
"649091","/?m=20110918","1123633009","crawl-66-249-71-113.googlebot.com","1325532256","Mozilla/5.0 (compatible; Googlebot/2.1; +http://www.google.com/bot.html)",,,NULL
"649095","/2011/09/jason-lazarus-cody-hudson/","1123633009","crawl-66-249-71-113.googlebot.com","1325532335","Mozilla/5.0 (compatible; Googlebot/2.1; +http://www.google.com/bot.html)",,,NULL
"649107","/2010/02/20/new-new-new/","1123631859","crawl-66-249-66-243.googlebot.com","1325532875","Mozilla/5.0 (compatible; Googlebot/2.1; +http://www.google.com/bot.html)",,,NULL
"649154","/feed/","1208928002","rate-limited-proxy-72-14-199-2.google.com","1325537343","Feedfetcher-Google; (+http://www.google.com/feedfetcher.html; 19 subscribers; feed-id=17746194570529843315)",,,NULL
"649090","/2011/05/gregg-bordowitz/feed/","1123633009","crawl-66-249-71-113.googlebot.com","1325532238","Mozilla/5.0 (compatible; Googlebot/2.1; +http://www.google.com/bot.html)",,,NULL
"649093","/2011/04/version-11-the-community/","3024880944","180.76.5.48","1325532272","Mozilla/5.0 (compatible; Baiduspider/2.0; +http://www.baidu.com/search/spider.html)",,,NULL
"648797","/wp-content/themes/developer/favicon.ico","1437736375","e178029183.adsl.alicedsl.de","1325524030","Mozilla/5.0 (Macintosh; Intel Mac OS X 10_6_8) AppleWebKit/534.52.7 (KHTML, like Gecko) Version/5.1.2 Safari/534.52.7","http://www.thevisualist.org/2011/05/ute-meta-bauer/","www.thevisualist.org",NULL
"648972","/2011/05","1427726170","luna186.startdedicated.com","1325529198","Mozilla/4.0 (compatible; MSIE 6.0; Windows NT 5.1; SV1)",,,NULL
"648975","/2011/04/","1427726170","luna186.startdedicated.com","1325529216","Mozilla/4.0 (compatible; MSIE 6.0; Windows NT 5.1; SV1)",,,NULL
"648976","/2011/11/in-the-lining/","1123633009","crawl-66-249-71-113.googlebot.com","1325529219","Mozilla/5.0 (compatible; Googlebot/2.1; +http://www.google.com/bot.html)",,,NULL
"648980","/2011/02/","1427726170","luna186.startdedicated.com","1325529248","Mozilla/4.0 (compatible; MSIE 6.0; Windows NT 5.1; SV1)",,,NULL
"648937","/robots.txt","1093953556","msnbot-65-52-104-20.search.msn.com","1325528227","Mozilla/5.0 (compatible; bingbot/2.0; +http://www.bing.com/bingbot.htm)",,,NULL
"648938","/2011/04/the-mdw-fair/","1123633009","crawl-66-249-71-113.googlebot.com","1325528274","Mozilla/5.0 (compatible; Googlebot/2.1; +http://www.google.com/bot.html)",,,NULL
"648957","/submit/","1427726170","luna186.startdedicated.com","1325529088","Mozilla/4.0 (compatible; MSIE 6.0; Windows NT 5.1; SV1)",,,NULL
"648960","/2011/11/","1427726170","luna186.startdedicated.com","1325529095","Mozilla/4.0 (compatible; MSIE 6.0; Windows NT 5.1; SV1)",,,NULL
"648961","/2011/10","1427726170","luna186.startdedicated.com","1325529099","Mozilla/4.0 (compatible; MSIE 6.0; Windows NT 5.1; SV1)",,,NULL
"648962","/2011/10/","1427726170","luna186.startdedicated.com","1325529100","Mozilla/4.0 (compatible; MSIE 6.0; Windows NT 5.1; SV1)",,,NULL
"648963","/2011/01/theo-leffmann-weaving-a-life-into-art/","3024881033","180.76.5.137","1325529106","Mozilla/5.0 (compatible; Baiduspider/2.0; +http://www.baidu.com/search/spider.html)",,,NULL
"649094","/2009/09/05/jorge-minano-ramirez-rhetorics-of-memory/","1123631859","crawl-66-249-66-243.googlebot.com","1325532278","Mozilla/5.0 (compatible; Googlebot/2.1; +http://www.google.com/bot.html)",,,NULL
"649097","/robots.txt","2637631709","msnbot-157-55-16-221.search.msn.com","1325532403","Mozilla/5.0 (compatible; bingbot/2.0; +http://www.bing.com/bingbot.htm)",,,NULL
"649088","/robots.txt","1123631859","crawl-66-249-66-243.googlebot.com","1325532216","Mozilla/5.0 (compatible; Googlebot/2.1; +http://www.google.com/bot.html)",,,NULL
"649089","/2011/06/12/reh-gordon/","1123631859","crawl-66-249-66-243.googlebot.com","1325532217","Mozilla/5.0 (compatible; Googlebot/2.1; +http://www.google.com/bot.html)",,,NULL
"648759","/2009/12/amanda-ross-ho/","1123631800","crawl-66-249-66-184.googlebot.com","1325523024","Mozilla/5.0 (compatible; Googlebot/2.1; +http://www.google.com/bot.html)",,,NULL
"648769","/2011/06/hang-in-there/","1123631800","crawl-66-249-66-184.googlebot.com","1325523414","Mozilla/5.0 (compatible; Googlebot/2.1; +http://www.google.com/bot.html)",,,NULL
"648771","/2011/05/gregg-bordowitz/","1123631800","crawl-66-249-66-184.googlebot.com","1325523487","Mozilla/5.0 (compatible; Googlebot/2.1; +http://www.google.com/bot.html)",,,NULL
"648775","/?m=20110911","1123631800","crawl-66-249-66-184.googlebot.com","1325523524","Mozilla/5.0 (compatible; Googlebot/2.1; +http://www.google.com/bot.html)",,,NULL
"648776","/2011/05/a-rod-stewart-little-richard-prince-charles-manson-family/","1123631800","crawl-66-249-66-184.googlebot.com","1325523533","Mozilla/5.0 (compatible; Googlebot/2.1; +http://www.google.com/bot.html)",,,NULL
"648779","/2011/05/elon-katz-and-kyle-evan-didgeridoo-beat/","1123631800","crawl-66-249-66-184.googlebot.com","1325523601","Mozilla/5.0 (compatible; Googlebot/2.1; +http://www.google.com/bot.html)",,,NULL
"648789","/?m=20100115","1123631800","crawl-66-249-66-184.googlebot.com","1325523916","Mozilla/5.0 (compatible; Googlebot/2.1; +http://www.google.com/bot.html)",,,NULL
"648790","/2010/05/manifest-2010/feed/","1123633009","crawl-66-249-71-113.googlebot.com","1325523917","Mozilla/5.0 (compatible; Googlebot/2.1; +http://www.google.com/bot.html)",,,NULL
"648798","/2011/05/mark-bradford/feed/","1123631800","crawl-66-249-66-184.googlebot.com","1325524037","Mozilla/5.0 (compatible; Googlebot/2.1; +http://www.google.com/bot.html)",,,NULL
"648802","/2011/03/matt-austin-talking-with-fear-about-dying-tomorrow/","3475901843","msnbot-207-46-13-147.search.msn.com","1325524114","Mozilla/5.0 (compatible; bingbot/2.0; +http://www.bing.com/bingbot.htm)",,,NULL
"648826","/2011/08/my-ghosts-at-home/","1123631800","crawl-66-249-66-184.googlebot.com","1325524660","Mozilla/5.0 (compatible; Googlebot/2.1; +http://www.google.com/bot.html)",,,NULL
"648852","/2009/09/vivan-sundaram-artist-maverick/","1123631800","crawl-66-249-66-184.googlebot.com","1325525456","Mozilla/5.0 (compatible; Googlebot/2.1; +http://www.google.com/bot.html)",,,NULL
"648862","/2010/02/new-new-new/","1123631800","crawl-66-249-66-184.googlebot.com","1325525774","Mozilla/5.0 (compatible; Googlebot/2.1; +http://www.google.com/bot.html)",,,NULL
"648863","/2010/09/sex-power-and-labor/","2071867981","123.126.50.77","1325525799","Sogou web spider/4.0(+http://www.sogou.com/docs/help/webmasters.htm#07)",,,NULL
"648873","/2011/05/zak-kitnick-and-valerie-snobeck/feed/","1123633009","crawl-66-249-71-113.googlebot.com","1325526140","Mozilla/5.0 (compatible; Googlebot/2.1; +http://www.google.com/bot.html)",,,NULL
"648874","/2011/05/22/elon-katz-and-kyle-evan-didgeridoo-beat/feed/","1123631859","crawl-66-249-66-243.googlebot.com","1325526154","Mozilla/5.0 (compatible; Googlebot/2.1; +http://www.google.com/bot.html)",,,NULL
"648876","/2011/01/raquel-ladensack/","1123633009","crawl-66-249-71-113.googlebot.com","1325526184","Mozilla/5.0 (compatible; Googlebot/2.1; +http://www.google.com/bot.html)",,,NULL
"648878","/2011/09/kate-costello-erik-frydenborg/","1123631800","crawl-66-249-66-184.googlebot.com","1325526247","Mozilla/5.0 (compatible; Googlebot/2.1; +http://www.google.com/bot.html)",,,NULL
"648884","/2011/11/video-playlist-the-evidence-shows/","1168893176","69.171.228.248","1325526468","facebookexternalhit/1.1 (+http://www.facebook.com/externalhit_uatext.php)",,,NULL
"648885","/","1194941062","c-71-57-90-134.hsd1.il.comcast.net","1325526481","Mozilla/5.0 (Macintosh; Intel Mac OS X 10_6_8) AppleWebKit/534.52.7 (KHTML, like Gecko) Version/5.1.2 Safari/534.52.7",,,NULL
"648890","/2011/05/rachel-niffenegger-and-paul-nudd/","1123631800","crawl-66-249-66-184.googlebot.com","1325526615","Mozilla/5.0 (compatible; Googlebot/2.1; +http://www.google.com/bot.html)",,,NULL
"648891","/2011/05/elina-malkin-fake-can-be-just-as-inefficient/feed/","1123631800","crawl-66-249-66-184.googlebot.com","1325526622","Mozilla/5.0 (compatible; Googlebot/2.1; +http://www.google.com/bot.html)",,,NULL
"648898","/2011/09/uplift/","1123633009","crawl-66-249-71-113.googlebot.com","1325526871","Mozilla/5.0 (compatible; Googlebot/2.1; +http://www.google.com/bot.html)",,,NULL
"648900","/2010/12/byob-bring-your-own-beamer/?utm_source=twitterfeed&utm_medium=twitter","3024880951","180.76.5.55","1325526925","Mozilla/5.0 (compatible; Baiduspider/2.0; +http://www.baidu.com/search/spider.html)",,,NULL
"648905","/2011/09/to-say-nothing-of/","1123631800","crawl-66-249-66-184.googlebot.com","1325527147","Mozilla/5.0 (compatible; Googlebot/2.1; +http://www.google.com/bot.html)",,,NULL
"648906","/2011/05/never-let-me-go/","1093953556","msnbot-65-52-104-20.search.msn.com","1325527171","Mozilla/5.0 (compatible; bingbot/2.0; +http://www.bing.com/bingbot.htm)",,,NULL
"648902","/?m=20111130","1123631800","crawl-66-249-66-184.googlebot.com","1325526975","Mozilla/5.0 (compatible; Googlebot/2.1; +http://www.google.com/bot.html)",,,NULL
"648903","/2011/06/18/hope-esser-and-christalena-hughmanick-retracing/","1123631859","crawl-66-249-66-243.googlebot.com","1325527023","Mozilla/5.0 (compatible; Googlebot/2.1; +http://www.google.com/bot.html)",,,NULL
"648904","/2011/11/tim-graham-diego-leclery/","1123633009","crawl-66-249-71-113.googlebot.com","1325527073","Mozilla/5.0 (compatible; Googlebot/2.1; +http://www.google.com/bot.html)",,,NULL
"648667","/2011/06/michael-sirianni-ctrl/","1123631800","crawl-66-249-66-184.googlebot.com","1325518933","Mozilla/5.0 (compatible; Googlebot/2.1; +http://www.google.com/bot.html)",,,NULL
"648670","/2011/06/leeza-meksin-and-yevgeniya-baras-hide/","1123631800","crawl-66-249-66-184.googlebot.com","1325519012","Mozilla/5.0 (compatible; Googlebot/2.1; +http://www.google.com/bot.html)",,,NULL
"648671","/2011/05/28/r-james-healy-m-16-2/","1123631859","crawl-66-249-66-243.googlebot.com","1325519018","Mozilla/5.0 (compatible; Googlebot/2.1; +http://www.google.com/bot.html)",,,NULL
"648712","/","406839347","c-24-63-224-51.hsd1.ma.comcast.net","1325520655","Mozilla/5.0 (Macintosh; Intel Mac OS X 10_5_8) AppleWebKit/534.50.2 (KHTML, like Gecko) Version/5.0.6 Safari/533.22.3",,,NULL
"648716","/2011/07/philip-von-zweck-4/","1123631800","crawl-66-249-66-184.googlebot.com","1325520790","Mozilla/5.0 (compatible; Googlebot/2.1; +http://www.google.com/bot.html)",,,NULL
"648715","/2011/11/chaire-ashley-solo-disco/","1123631800","crawl-66-249-66-184.googlebot.com","1325520711","Mozilla/5.0 (compatible; Googlebot/2.1; +http://www.google.com/bot.html)",,,NULL
"648723","/2010/09/dan-gunn-multistable-picture-fable/","3024881043","180.76.5.147","1325520972","Mozilla/5.0 (compatible; Baiduspider/2.0; +http://www.baidu.com/search/spider.html)",,,NULL
"648724","/2010/11/without-you-im-nothing-art-and-its-audience/","3497226579","208.115.113.83","1325520994","Mozilla/5.0 (compatible; Ezooms/1.0; ezooms.bot@gmail.com)",,,NULL
"648740","/2010/02/uchicago-mfa-open-studios/","3024880983","180.76.5.87","1325521310","Mozilla/5.0 (compatible; Baiduspider/2.0; +http://www.baidu.com/search/spider.html)",,,NULL
"648745","/2011/04/andrew-j-greene-and-marion-ramos-suprimir-moraleja/feed/","3497226579","208.115.113.83","1325521452","Mozilla/5.0 (compatible; Ezooms/1.0; ezooms.bot@gmail.com)",,,NULL
"648746","/2010/10/uic-mfa-open-studios-2/feed/","3497226579","208.115.113.83","1325521482","Mozilla/5.0 (compatible; Ezooms/1.0; ezooms.bot@gmail.com)",,,NULL
"648686","/2010/09/chris-ofili/feed/","1123633009","crawl-66-249-71-113.googlebot.com","1325519583","Mozilla/5.0 (compatible; Googlebot/2.1; +http://www.google.com/bot.html)",,,NULL
"648690","/feed/","1208928002","rate-limited-proxy-72-14-199-2.google.com","1325519695","Feedfetcher-Google; (+http://www.google.com/feedfetcher.html; 19 subscribers; feed-id=17746194570529843315)",,,NULL
"648693","/2011/04/design-and-art-series/","3585769230","213.186.127.14.utel.net.ua","1325519762","Mozilla/5.0 (compatible; AhrefsBot/2.0; +http://ahrefs.com/robot/)",,,NULL
"648953","/2011/09/millie-wilson-looks-bad/","1123631800","crawl-66-249-66-184.googlebot.com","1325528870","Mozilla/5.0 (compatible; Googlebot/2.1; +http://www.google.com/bot.html)",,,NULL
"648954","/2011/06/gregg-bordowitz-and-stephanie-brooks/","1123631800","crawl-66-249-66-184.googlebot.com","1325529009","Mozilla/5.0 (compatible; Googlebot/2.1; +http://www.google.com/bot.html)",,,NULL
"648931","/2010/07/religare-artists-explore-the-concept-of-religion/","1123631800","crawl-66-249-66-184.googlebot.com","1325527878","Mozilla/5.0 (compatible; Googlebot/2.1; +http://www.google.com/bot.html)",,,NULL
"648932","/2010/12/jeanine-breaker/","1123633009","crawl-66-249-71-113.googlebot.com","1325528069","Mozilla/5.0 (compatible; Googlebot/2.1; +http://www.google.com/bot.html)",,,NULL
"648934","/2011/06/11/gregg-bordowitz-and-stephanie-brooks/","1123633069","crawl-66-249-71-173.googlebot.com","1325528109","Mozilla/5.0 (compatible; Googlebot/2.1; +http://www.google.com/bot.html)",,,NULL
"648966","/2011/08","1427726170","luna186.startdedicated.com","1325529148","Mozilla/4.0 (compatible; MSIE 6.0; Windows NT 5.1; SV1)",,,NULL
"648998","/2010/07/","1427726170","luna186.startdedicated.com","1325529351","Mozilla/4.0 (compatible; MSIE 6.0; Windows NT 5.1; SV1)",,,NULL
"649049","/2009/09/jamilee-polson-see-more-glass-the-end-as-the-beginning/","1123631800","crawl-66-249-66-184.googlebot.com","1325530754","Mozilla/5.0 (compatible; Googlebot/2.1; +http://www.google.com/bot.html)",,,NULL
"649057","/tag/edie-fake/feed/","3497226051","208-115-111-67-reverse.wowrack.com","1325530937","Mozilla/5.0 (compatible; Ezooms/1.0; ezooms.bot@gmail.com)",,,NULL
"649060","/2010/10/mckeever-donovan-hold-me/","1123633009","crawl-66-249-71-113.googlebot.com","1325531063","Mozilla/5.0 (compatible; Googlebot/2.1; +http://www.google.com/bot.html)",,,NULL
"649061","/2009/10/memphis-milano/","1123631800","crawl-66-249-66-184.googlebot.com","1325531121","Mozilla/5.0 (compatible; Googlebot/2.1; +http://www.google.com/bot.html)",,,NULL
"648665","/2011/05/mark-bradford/","1123631800","crawl-66-249-66-184.googlebot.com","1325518880","Mozilla/5.0 (compatible; Googlebot/2.1; +http://www.google.com/bot.html)",,,NULL
"648666","/2011/06/05/leeza-meksin-and-yevgeniya-baras-hide/","1123631859","crawl-66-249-66-243.googlebot.com","1325518926","Mozilla/5.0 (compatible; Googlebot/2.1; +http://www.google.com/bot.html)",,,NULL
"648730","/2010/04/28/unearthed-americana-narrative-art-for-others/","3497226579","208.115.113.83","1325521013","Mozilla/5.0 (compatible; Ezooms/1.0; ezooms.bot@gmail.com)",,,NULL
"648731","/tag/2nd-flr-gallery/?m=2010086","1123631800","crawl-66-249-66-184.googlebot.com","1325521028","Mozilla/5.0 (compatible; Googlebot/2.1; +http://www.google.com/bot.html)",,,NULL
"649004","/2010/09/alice-tippit-on-defense/","1123633009","crawl-66-249-71-113.googlebot.com","1325529440","Mozilla/5.0 (compatible; Googlebot/2.1; +http://www.google.com/bot.html)",,,NULL
"648846","/2011/11/13/","1123631800","crawl-66-249-66-184.googlebot.com","1325525130","Mozilla/5.0 (compatible; Googlebot/2.1; +http://www.google.com/bot.html)",,,NULL
"648847","/2011/06/summer-2011-transition/","1123631800","crawl-66-249-66-184.googlebot.com","1325525136","Mozilla/5.0 (compatible; Googlebot/2.1; +http://www.google.com/bot.html)",,,NULL
"648851","/2010/04/scott-cowan-and-katy-keefe-braided-bread/","3024880955","180.76.5.59","1325525285","Mozilla/5.0 (compatible; Baiduspider/2.0; +http://www.baidu.com/search/spider.html)",,,NULL
"648853","/2011/07/08/sioban-lombardi-and-gwendolyn-zabicki-the-exceptional-ordinary/","1123631859","crawl-66-249-66-243.googlebot.com","1325525506","Mozilla/5.0 (compatible; Googlebot/2.1; +http://www.google.com/bot.html)",,,NULL
"648912","/2011/04/emre-kocagil-sigh-nature/","3585769230","213.186.127.14.utel.net.ua","1325527355","Mozilla/5.0 (compatible; AhrefsBot/2.0; +http://ahrefs.com/robot/)",,,NULL
"648925","/2011/06/18/hope-esser-and-christalena-hughmanick-retracing/feed/","1123631859","crawl-66-249-66-243.googlebot.com","1325527727","Mozilla/5.0 (compatible; Googlebot/2.1; +http://www.google.com/bot.html)",,,NULL
"648927","/2010/06/new-directions-in-collage/","3024880947","180.76.5.51","1325527797","Mozilla/5.0 (compatible; Baiduspider/2.0; +http://www.baidu.com/search/spider.html)",,,NULL
"648928","/2011/06/john-henderson-12-x-12/","1123631800","crawl-66-249-66-184.googlebot.com","1325527798","Mozilla/5.0 (compatible; Googlebot/2.1; +http://www.google.com/bot.html)",,,NULL
"648929","/2011/11/30/","1123631800","crawl-66-249-66-184.googlebot.com","1325527802","Mozilla/5.0 (compatible; Googlebot/2.1; +http://www.google.com/bot.html)",,,NULL
"648726","/2011/05/andy-roche-riffin/","3497226579","208.115.113.83","1325521001","Mozilla/5.0 (compatible; Ezooms/1.0; ezooms.bot@gmail.com)",,,NULL
"648725","/2010/10/uic-mfa-open-studios-2/","3497226579","208.115.113.83","1325520998","Mozilla/5.0 (compatible; Ezooms/1.0; ezooms.bot@gmail.com)",,,NULL
"648727","/2010/07/09/younger-than-janis/comment-page-1/","3497226579","208.115.113.83","1325521008","Mozilla/5.0 (compatible; Ezooms/1.0; ezooms.bot@gmail.com)",,,NULL
"648728","/2010/07/08/the-nomadic-studio/","3497226579","208.115.113.83","1325521010","Mozilla/5.0 (compatible; Ezooms/1.0; ezooms.bot@gmail.com)",,,NULL
"648729","/2010/06/26/","3497226579","208.115.113.83","1325521011","Mozilla/5.0 (compatible; Ezooms/1.0; ezooms.bot@gmail.com)",,,NULL
"648732","/2010/05/timothy-bergstrom-and-daniel-sullivan-face-off/","3585769230","213.186.127.14.utel.net.ua","1325521028","Mozilla/5.0 (compatible; AhrefsBot/2.0; +http://ahrefs.com/robot/)",,,NULL
"648735","/","1657670775","c-98-206-12-119.hsd1.il.comcast.net","1325521118","Mozilla/5.0 (Macintosh; U; PPC Mac OS X 10_4_11; en) AppleWebKit/533.19.4 (KHTML, like Gecko) Version/4.1.3 Safari/533.19.4",,,NULL
"648736","/2012/01/group-exhibition/","1657670775","c-98-206-12-119.hsd1.il.comcast.net","1325521127","Mozilla/5.0 (Macintosh; U; PPC Mac OS X 10_4_11; en) AppleWebKit/533.19.4 (KHTML, like Gecko) Version/4.1.3 Safari/533.19.4","http://www.thevisualist.org/","www.thevisualist.org",NULL
"648737","/2010/09/ofthemoment-annual-gala-to-benefit-the-renaissance-society/","3497226579","208.115.113.83","1325521206","Mozilla/5.0 (compatible; Ezooms/1.0; ezooms.bot@gmail.com)",,,NULL
"648739","/2009/12/nemesis/","3497226579","208.115.113.83","1325521303","Mozilla/5.0 (compatible; Ezooms/1.0; ezooms.bot@gmail.com)",,,NULL
"649052","/2009/12/amanda-ross-ho/feed/","1123631800","crawl-66-249-66-184.googlebot.com","1325530836","Mozilla/5.0 (compatible; Googlebot/2.1; +http://www.google.com/bot.html)",,,NULL
"649063","/2010/05/trew-schriefer-and-joanna-goss/","3585769230","213.186.127.14.utel.net.ua","1325531152","Mozilla/5.0 (compatible; AhrefsBot/2.0; +http://ahrefs.com/robot/)",,,NULL
"649054","/2011/04/andy-warhol-shadows/","1123633009","crawl-66-249-71-113.googlebot.com","1325530893","Mozilla/5.0 (compatible; Googlebot/2.1; +http://www.google.com/bot.html)",,,NULL
"649056","/2010/04/daniel-everett-12-x-12/feed/","3497226051","208-115-111-67-reverse.wowrack.com","1325530928","Mozilla/5.0 (compatible; Ezooms/1.0; ezooms.bot@gmail.com)",,,NULL
"649064","/2011/11/yasi-ghanbari-cowboy/","1600975099","spider-95-108-240-251.yandex.com","1325531156","Mozilla/5.0 (compatible; YandexBot/3.0; +http://yandex.com/bots)",,,NULL
"649066","/2011/04/dont-let-fear-rule-your-life/","3024880994","180.76.5.98","1325531214","Mozilla/5.0 (compatible; Baiduspider/2.0; +http://www.baidu.com/search/spider.html)",,,NULL
"649067","/2009/10/carroll-dunham/","1123631800","crawl-66-249-66-184.googlebot.com","1325531225","Mozilla/5.0 (compatible; Googlebot/2.1; +http://www.google.com/bot.html)",,,NULL
"649077","/2009/09/20-eyes/","1123633009","crawl-66-249-71-113.googlebot.com","1325531746","Mozilla/5.0 (compatible; Googlebot/2.1; +http://www.google.com/bot.html)",,,NULL
"649079","/2010/07/17/","3024881086","180.76.5.190","1325531757","Mozilla/5.0 (compatible; Baiduspider/2.0; +http://www.baidu.com/search/spider.html)",,,NULL
"649076","/2010/09/rosa-menkman-glitched/","1123631800","crawl-66-249-66-184.googlebot.com","1325531668","Mozilla/5.0 (compatible; Googlebot/2.1; +http://www.google.com/bot.html)",,,NULL
"649081","/2010/06/austin-knierim-and-jesus-mejia-palimpsest/","1123631800","crawl-66-249-66-184.googlebot.com","1325531786","Mozilla/5.0 (compatible; Googlebot/2.1; +http://www.google.com/bot.html)",,,NULL
"649074","/about/","3475948527","msnbot-207-46-195-239.search.msn.com","1325531600","Mozilla/5.0 (compatible; bingbot/2.0; +http://www.bing.com/bingbot.htm)",,,NULL
"649075","/?m=20110924","1123631800","crawl-66-249-66-184.googlebot.com","1325531662","Mozilla/5.0 (compatible; Googlebot/2.1; +http://www.google.com/bot.html)",,,NULL
"649036","/2011/04/performance-post-appropriation/","2071867981","123.126.50.77","1325530521","Sogou web spider/4.0(+http://www.sogou.com/docs/help/webmasters.htm#07)",,,NULL
"649038","/2009/11/disbeliever-intersections-of-science-and-religion-in-contemporary-art/","1123631800","crawl-66-249-66-184.googlebot.com","1325530570","Mozilla/5.0 (compatible; Googlebot/2.1; +http://www.google.com/bot.html)",,,NULL
"649040","/2010/12/19/diego-leclery-polar-bear-village-new-holiday-spirit/feed/","3497226051","208-115-111-67-reverse.wowrack.com","1325530580","Mozilla/5.0 (compatible; Ezooms/1.0; ezooms.bot@gmail.com)",,,NULL
"649044","/2010/09/patricia-treib/","1123631800","crawl-66-249-66-184.googlebot.com","1325530597","Mozilla/5.0 (compatible; Googlebot/2.1; +http://www.google.com/bot.html)",,,NULL
"649045","/2010/06/12/","1123633009","crawl-66-249-71-113.googlebot.com","1325530600","Mozilla/5.0 (compatible; Googlebot/2.1; +http://www.google.com/bot.html)",,,NULL
"649048","/?m=20111210","3497226051","208-115-111-67-reverse.wowrack.com","1325530686","Mozilla/5.0 (compatible; Ezooms/1.0; ezooms.bot@gmail.com)",,,NULL
"649053","/2011/02/stanislaus-von-moos-the-city-as-spectacle-a-view-from-the-gondola/","1123631800","crawl-66-249-66-184.googlebot.com","1325530875","Mozilla/5.0 (compatible; Googlebot/2.1; +http://www.google.com/bot.html)",,,NULL
"649055","/2010/01/13/the-sports-show/","3497226051","208-115-111-67-reverse.wowrack.com","1325530901","Mozilla/5.0 (compatible; Ezooms/1.0; ezooms.bot@gmail.com)",,,NULL
"649100","/2011/10/albert-oehlen-painthing-on-the-move-2/","1544199396","host-92-10-156-228.as43234.net","1325532529","Mozilla/4.0 (compatible; MSIE 7.0; Windows NT 6.1; WOW64; Trident/4.0; GTB7.2; SLCC2; .NET CLR 2.0.50727; .NET CLR 3.5.30729; .NET CLR 3.0.30729; Media Center PC 6.0; MDDC; .NET4.0C; ibrytetoolbar_pla",,,NULL
"649108","/2011/07/lori-felker-zummertapez/","3024880947","180.76.5.51","1325532961","Mozilla/5.0 (compatible; Baiduspider/2.0; +http://www.baidu.com/search/spider.html)",,,NULL
"649111","/2011/03/19/tiphanie-spencer-subconscious-thought/","1123631859","crawl-66-249-66-243.googlebot.com","1325532992","Mozilla/5.0 (compatible; Googlebot/2.1; +http://www.google.com/bot.html)",,,NULL
"649116","/2011/02/northwestern-mfa-open-studios-2011/","1123631800","crawl-66-249-66-184.googlebot.com","1325533009","Mozilla/5.0 (compatible; Googlebot/2.1; +http://www.google.com/bot.html)",,,NULL
"649147","/2009/11/07/death-party/","1123631859","crawl-66-249-66-243.googlebot.com","1325536923","Mozilla/5.0 (compatible; Googlebot/2.1; +http://www.google.com/bot.html)",,,NULL
"649119","/2011/09/ruins-daniel-baird-and-russell-leng/","1123631800","crawl-66-249-66-184.googlebot.com","1325533047","Mozilla/5.0 (compatible; Googlebot/2.1; +http://www.google.com/bot.html)",,,NULL
"649143","/2011/01/jason-reblando-youth-boxing/","1123631800","crawl-66-249-66-184.googlebot.com","1325536770","Mozilla/5.0 (compatible; Googlebot/2.1; +http://www.google.com/bot.html)",,,NULL
"649144","/2011/09/mark-bradford-three-scenes-iii/","1123631800","crawl-66-249-66-184.googlebot.com","1325536814","Mozilla/5.0 (compatible; Googlebot/2.1; +http://www.google.com/bot.html)",,,NULL
"649145","/2011/01/chris-bradley/","3024881074","180.76.5.178","1325536914","Mozilla/5.0 (compatible; Baiduspider/2.0; +http://www.baidu.com/search/spider.html)",,,NULL
"649146","/robots.txt","1123631859","crawl-66-249-66-243.googlebot.com","1325536922","Mozilla/5.0 (compatible; Googlebot/2.1; +http://www.google.com/bot.html)",,,NULL
"649121","/2011/09/18/","1123631800","crawl-66-249-66-184.googlebot.com","1325533067","Mozilla/5.0 (compatible; Googlebot/2.1; +http://www.google.com/bot.html)",,,NULL
"649142","/","1039654255","61.247.221.111","1325536768","Mozilla/4.0 (compatible; MSIE 7.0; Windows NT 5.1; IPMS/4669080A-14AF91D9EAE; TCO_20091110170859; .NET CLR 1.1.4322; .NET CLR 2.0.50727; InfoPath.2; .NET CLR 3.0.4506.2152; .NET CLR 3.5.30729)",,,NULL
"648669","/2011/05/kendell-carter/","1123633009","crawl-66-249-71-113.googlebot.com","1325519005","Mozilla/5.0 (compatible; Googlebot/2.1; +http://www.google.com/bot.html)",,,NULL
"648677","/2011/02/lise-haller-baggesen-the-letter-x/","2071867981","123.126.50.77","1325519206","Sogou web spider/4.0(+http://www.sogou.com/docs/help/webmasters.htm#07)",,,NULL
"648678","/2011/06/untitled-document/","1123631800","crawl-66-249-66-184.googlebot.com","1325519216","Mozilla/5.0 (compatible; Googlebot/2.1; +http://www.google.com/bot.html)",,,NULL
"648674","/2011/06/24/untitled-document/","1123631859","crawl-66-249-66-243.googlebot.com","1325519143","Mozilla/5.0 (compatible; Googlebot/2.1; +http://www.google.com/bot.html)",,,NULL
"648675","/2011/05/06/while-all-such-things-end/","1123631859","crawl-66-249-66-243.googlebot.com","1325519178","Mozilla/5.0 (compatible; Googlebot/2.1; +http://www.google.com/bot.html)",,,NULL
"649059","/2011/11/tantalized-20-paintings-by-andrew-ek-and-dana-toft/","3244984383","193.106.136.63.usersnat.smileweb.com.ua","1325531032","Opera/7.60 (Windows NT 5.2; U)  [en] (IBM EVV/3.0/EAK01AG9/LE)","http://gamsup.ru/","gamsup.ru",NULL
"649058","/2010/10/charles-mahaffee-and-winslow-smith/","3024881382","180.76.6.230","1325530983","Mozilla/5.0 (compatible; Baiduspider/2.0; +http://www.baidu.com/search/spider.html)",,,NULL
"649062","/2010/03/irena-knezevic-gesture-guild/","3497226051","208-115-111-67-reverse.wowrack.com","1325531126","Mozilla/5.0 (compatible; Ezooms/1.0; ezooms.bot@gmail.com)",,,NULL
"649068","/","1194941062","c-71-57-90-134.hsd1.il.comcast.net","1325531229","Mozilla/5.0 (Macintosh; Intel Mac OS X 10_6_8) AppleWebKit/534.52.7 (KHTML, like Gecko) Version/5.1.2 Safari/534.52.7",,,NULL
"649070","/2010/08/corinne-d%e2%80%99agustino-and-thomas-i%e2%80%99anson-squaring-the-circle/","2071867981","123.126.50.77","1325531360","Sogou web spider/4.0(+http://www.sogou.com/docs/help/webmasters.htm#07)",,,NULL
"649112","/robots.txt","1123633009","crawl-66-249-71-113.googlebot.com","1325532993","Mozilla/5.0 (compatible; Googlebot/2.1; +http://www.google.com/bot.html)",,,NULL
"649114","/2011/06/reh-gordon/","1123631800","crawl-66-249-66-184.googlebot.com","1325532995","Mozilla/5.0 (compatible; Googlebot/2.1; +http://www.google.com/bot.html)",,,NULL
"649149","/2010/05/art-under-21/","1123631800","crawl-66-249-66-184.googlebot.com","1325537009","Mozilla/5.0 (compatible; Googlebot/2.1; +http://www.google.com/bot.html)",,,NULL
"649150","/?m=20111027","1123631800","crawl-66-249-66-184.googlebot.com","1325537065","Mozilla/5.0 (compatible; Googlebot/2.1; +http://www.google.com/bot.html)",,,NULL
"649073","/2012/01/moves-thinks-repeats-pauses/","1276175734","c-76-16-229-118.hsd1.il.comcast.net","1325531573","Mozilla/5.0 (Macintosh; Intel Mac OS X 10_6_8) AppleWebKit/534.52.7 (KHTML, like Gecko) Version/5.1.2 Safari/534.52.7","http://www.thevisualist.org/","www.thevisualist.org",NULL
"649086","/wp-cron.php?doing_wp_cron=1325532182","3098365794","server6.lithiumhosting.com","1325532183","WordPress/3.3; http://www.thevisualist.org",,,NULL
"649106","/2011/10/albert-oehlen-painthing-on-the-move/","1544199396","host-92-10-156-228.as43234.net","1325532820","Mozilla/5.0 (Windows NT 6.1; WOW64) AppleWebKit/535.7 (KHTML, like Gecko) Chrome/16.0.912.63 Safari/535.7",,,NULL
"649155","/","1817925113","108-91-85-249.lightspeed.cicril.sbcglobal.net","1325537357","Mozilla/5.0 (Macintosh; Intel Mac OS X 10_6_8) AppleWebKit/534.52.7 (KHTML, like Gecko) Version/5.1.2 Safari/534.52.7",,,NULL
"649109","/","403461909","c-24-12-87-21.hsd1.in.comcast.net","1325532989","Mozilla/5.0 (compatible; MSIE 9.0; Windows NT 6.1; WOW64; Trident/5.0)",,,NULL
"649153","/2010/09/09/alice-tippit-on-defense/","1123631859","crawl-66-249-66-243.googlebot.com","1325537209","Mozilla/5.0 (compatible; Googlebot/2.1; +http://www.google.com/bot.html)",,,NULL
"649110","/","403461909","c-24-12-87-21.hsd1.in.comcast.net","1325532989","Mozilla/5.0 (compatible; MSIE 9.0; Windows NT 6.1; WOW64; Trident/5.0)",,,NULL
"649152","/2011/02/10/","3024881075","180.76.5.179","1325537146","Mozilla/5.0 (compatible; Baiduspider/2.0; +http://www.baidu.com/search/spider.html)",,,NULL
"649113","/2011/03/edie-fake-and-lee-relvas/","1123631800","crawl-66-249-66-184.googlebot.com","1325532994","Mozilla/5.0 (compatible; Googlebot/2.1; +http://www.google.com/bot.html)",,,NULL
"649151","/?m=20110210","3024880954","180.76.5.58","1325537145","Mozilla/5.0 (compatible; Baiduspider/2.0; +http://www.baidu.com/search/spider.html)",,,NULL
"649115","/2012/01/group-exhibition/","403461909","c-24-12-87-21.hsd1.in.comcast.net","1325533003","Mozilla/5.0 (compatible; MSIE 9.0; Windows NT 6.1; WOW64; Trident/5.0)","http://www.thevisualist.org/","www.thevisualist.org",NULL
"649148","/2010/04/geisslersann-the-real-estate/","1123631800","crawl-66-249-66-184.googlebot.com","1325536952","Mozilla/5.0 (compatible; Googlebot/2.1; +http://www.google.com/bot.html)",,,NULL
"649124","/2011/10/beyond-visibility-photography-and-our-connection-to-the-cosmos/","1123631800","crawl-66-249-66-184.googlebot.com","1325533316","Mozilla/5.0 (compatible; Googlebot/2.1; +http://www.google.com/bot.html)",,,NULL
"649020","/2011/01/27/peter-saul-stupid-arguments-and-brian-calvin-new-paintings/","1123631859","crawl-66-249-66-243.googlebot.com","1325530079","Mozilla/5.0 (compatible; Googlebot/2.1; +http://www.google.com/bot.html)",,,NULL
"649021","/category/exhibition/page/40/","1123631859","crawl-66-249-66-243.googlebot.com","1325530091","Mozilla/5.0 (compatible; Googlebot/2.1; +http://www.google.com/bot.html)",,,NULL
"649030","/2011/03/eric-lebofsky/","3024881006","180.76.5.110","1325530364","Mozilla/5.0 (compatible; Baiduspider/2.0; +http://www.baidu.com/search/spider.html)",,,NULL
"649032","/2010/11/tomboy/","1123633009","crawl-66-249-71-113.googlebot.com","1325530439","Mozilla/5.0 (compatible; Googlebot/2.1; +http://www.google.com/bot.html)",,,NULL
"649051","/?m=20110625","1123631800","crawl-66-249-66-184.googlebot.com","1325530834","Mozilla/5.0 (compatible; Googlebot/2.1; +http://www.google.com/bot.html)",,,NULL
"649046","/2010/02/new-new-new/feed/","1123633009","crawl-66-249-71-113.googlebot.com","1325530632","Mozilla/5.0 (compatible; Googlebot/2.1; +http://www.google.com/bot.html)",,,NULL
"649050","/2011/10/12/","1123633009","crawl-66-249-71-113.googlebot.com","1325530769","Mozilla/5.0 (compatible; Googlebot/2.1; +http://www.google.com/bot.html)",,,NULL
"649080","/2010/02/20/new-new-new/","1123631859","crawl-66-249-66-243.googlebot.com","1325531778","Mozilla/5.0 (compatible; Googlebot/2.1; +http://www.google.com/bot.html)",,,NULL
"649043","/2010/03/19/nnennna-okore/","3497226051","208-115-111-67-reverse.wowrack.com","1325530589","Mozilla/5.0 (compatible; Ezooms/1.0; ezooms.bot@gmail.com)",,,NULL
"648733","/2009/10/carroll-dunham/","3497226579","208.115.113.83","1325521072","Mozilla/5.0 (compatible; Ezooms/1.0; ezooms.bot@gmail.com)",,,NULL
"648742","/2011/04/the-low-down/","3497226579","208.115.113.83","1325521348","Mozilla/5.0 (compatible; Ezooms/1.0; ezooms.bot@gmail.com)",,,NULL
"648741","/2010/01/armita-rafaat/feed/","1123633009","crawl-66-249-71-113.googlebot.com","1325521330","Mozilla/5.0 (compatible; Googlebot/2.1; +http://www.google.com/bot.html)",,,NULL
"648744","/tag/pedestrian-project/","3497226579","208.115.113.83","1325521450","Mozilla/5.0 (compatible; Ezooms/1.0; ezooms.bot@gmail.com)",,,NULL
"648738","/tag/2nd-flr-gallery/feed/","1123631800","crawl-66-249-66-184.googlebot.com","1325521289","Mozilla/5.0 (compatible; Googlebot/2.1; +http://www.google.com/bot.html)",,,NULL
"648743","/wp-cron.php?doing_wp_cron=1325521449","3098365794","server6.lithiumhosting.com","1325521449","WordPress/3.3; http://www.thevisualist.org",,,NULL
"648747","/2011/07/sioban-lombardi-and-gwendolyn-zabicki-the-exceptional-ordinary/","1123633009","crawl-66-249-71-113.googlebot.com","1325521504","Mozilla/5.0 (compatible; Googlebot/2.1; +http://www.google.com/bot.html)",,,NULL
"648748","/robots.txt","3475948528","msnbot-207-46-195-240.search.msn.com","1325522630","Mozilla/5.0 (compatible; bingbot/2.0; +http://www.bing.com/bingbot.htm)",,,NULL
"648752","/robots.txt","1123631859","crawl-66-249-66-243.googlebot.com","1325522820","Mozilla/5.0 (compatible; Googlebot/2.1; +http://www.google.com/bot.html)",,,NULL
"648704","/","1657670775","c-98-206-12-119.hsd1.il.comcast.net","1325520351","Mozilla/5.0 (Macintosh; U; PPC Mac OS X 10_4_11; en) AppleWebKit/533.19.4 (KHTML, like Gecko) Version/4.1.3 Safari/533.19.4",,,NULL
"648710","/robots.txt","3497226579","208.115.113.83","1325520606","Mozilla/5.0 (compatible; Ezooms/1.0; ezooms.bot@gmail.com)",,,NULL
"648714","/tag/ebersmoore/","1093954584","msnbot-65-52-108-24.search.msn.com","1325520688","Mozilla/5.0 (compatible; bingbot/2.0; +http://www.bing.com/bingbot.htm)",,,NULL
"648719","/2011/06/17/file-type/feed/","1123631859","crawl-66-249-66-243.googlebot.com","1325520938","Mozilla/5.0 (compatible; Googlebot/2.1; +http://www.google.com/bot.html)",,,NULL
"648720","/2009/12/11/lauren-gregory-new-work/","3497226579","208.115.113.83","1325520939","Mozilla/5.0 (compatible; Ezooms/1.0; ezooms.bot@gmail.com)",,,NULL
"648734","/2011/07/zoe-strauss-on-the-beach-works-in-progress-slideshows/","1123633009","crawl-66-249-71-113.googlebot.com","1325521117","Mozilla/5.0 (compatible; Googlebot/2.1; +http://www.google.com/bot.html)",,,NULL
"649131","/2010/03/forever21/","1123633009","crawl-66-249-71-113.googlebot.com","1325533566","Mozilla/5.0 (compatible; Googlebot/2.1; +http://www.google.com/bot.html)",,,NULL
"649132","/2010/09/brian-kapernekas-shapeshifter/","1123631800","crawl-66-249-66-184.googlebot.com","1325533586","Mozilla/5.0 (compatible; Googlebot/2.1; +http://www.google.com/bot.html)",,,NULL
"649133","/robots.txt","3475901905","msnbot-207-46-13-209.search.msn.com","1325533788","Mozilla/5.0 (compatible; bingbot/2.0; +http://www.bing.com/bingbot.htm)",,,NULL
"649134","/2011/10/24/","1123631800","crawl-66-249-66-184.googlebot.com","1325533795","Mozilla/5.0 (compatible; Googlebot/2.1; +http://www.google.com/bot.html)",,,NULL
"649135","/wp-cron.php?doing_wp_cron=1325536251","3098365794","server6.lithiumhosting.com","1325536283","WordPress/3.3; http://www.thevisualist.org",,,NULL
"649136","/feed/atom/","1826690310","108-225-21-6.lightspeed.sntcca.sbcglobal.net","1325536365","Apple-PubSub/65.28",,,NULL
"649137","/2010/11/drawing/","3024880961","180.76.5.65","1325536452","Mozilla/5.0 (compatible; Baiduspider/2.0; +http://www.baidu.com/search/spider.html)",,,NULL
"649092","/2011/11/holly-downing-and-jack-stauffacher-arch/","3585769230","213.186.127.14.utel.net.ua","1325532268","Mozilla/5.0 (compatible; AhrefsBot/2.0; +http://ahrefs.com/robot/)",,,NULL
"649098","/2011/04/erin-thurlow-oh-why-did-i-did-it-my-way/","3585769230","213.186.127.14.utel.net.ua","1325532417","Mozilla/5.0 (compatible; AhrefsBot/2.0; +http://ahrefs.com/robot/)",,,NULL
"649103","/?m=20111024","1123631800","crawl-66-249-66-184.googlebot.com","1325532696","Mozilla/5.0 (compatible; Googlebot/2.1; +http://www.google.com/bot.html)",,,NULL
"649087","/2010/11/more-betterer/","2071867981","123.126.50.77","1325532183","Sogou web spider/4.0(+http://www.sogou.com/docs/help/webmasters.htm#07)",,,NULL
"649102","/2011/03/tiphanie-spencer-subconscious-thought/","1123631800","crawl-66-249-66-184.googlebot.com","1325532688","Mozilla/5.0 (compatible; Googlebot/2.1; +http://www.google.com/bot.html)",,,NULL
"649105","/2011/10/albert-oehlen-painthing-on-the-move","1544199396","host-92-10-156-228.as43234.net","1325532820","Mozilla/5.0 (Windows NT 6.1; WOW64) AppleWebKit/535.7 (KHTML, like Gecko) Chrome/16.0.912.63 Safari/535.7",,,NULL
"649104","/2010/09/10/nick-cave-drive-by/","1123631859","crawl-66-249-66-243.googlebot.com","1325532748","Mozilla/5.0 (compatible; Googlebot/2.1; +http://www.google.com/bot.html)",,,NULL
"649117","/2012/01/anagram-city/","403461909","c-24-12-87-21.hsd1.in.comcast.net","1325533036","Mozilla/5.0 (compatible; MSIE 9.0; Windows NT 6.1; WOW64; Trident/5.0)","http://www.thevisualist.org/2012/01/group-exhibition/","www.thevisualist.org",NULL
"649118","/2009/09/alan-sekula/","1123631800","crawl-66-249-66-184.googlebot.com","1325533045","Mozilla/5.0 (compatible; Googlebot/2.1; +http://www.google.com/bot.html)",,,NULL
"649120","/2011/04/next-2011/","2071867981","123.126.50.77","1325533060","Sogou web spider/4.0(+http://www.sogou.com/docs/help/webmasters.htm#07)",,,NULL
"649122","/2011/09/jc-steinbrunner-objects-in-motion-and-at-rest/","1123631800","crawl-66-249-66-184.googlebot.com","1325533295","Mozilla/5.0 (compatible; Googlebot/2.1; +http://www.google.com/bot.html)",,,NULL
"649141","/2011/11/recursion-2612/","1600975099","spider-95-108-240-251.yandex.com","1325536725","Mozilla/5.0 (compatible; YandexBot/3.0; +http://yandex.com/bots)",,,NULL
"649126","/2011/08/mark-bradford-three-scenes-ii/","3024881034","180.76.5.138","1325533361","Mozilla/5.0 (compatible; Baiduspider/2.0; +http://www.baidu.com/search/spider.html)",,,NULL
"649128","/2010/06/scott-ramon-a-star-for-roman-grey/","1123631800","crawl-66-249-66-184.googlebot.com","1325533454","Mozilla/5.0 (compatible; Googlebot/2.1; +http://www.google.com/bot.html)",,,NULL
"649129","/?m=20110916","1168893428","69.171.229.244","1325533504","facebookexternalhit/1.1 (+http://www.facebook.com/externalhit_uatext.php)",,,NULL
"649130","/2011/09/16/","1168893428","69.171.229.244","1325533504","facebookexternalhit/1.1 (+http://www.facebook.com/externalhit_uatext.php)",,,NULL
"649138","/2010/10/tim-louis-graham-2/","1123631800","crawl-66-249-66-184.googlebot.com","1325536562","Mozilla/5.0 (compatible; Googlebot/2.1; +http://www.google.com/bot.html)",,,NULL
"649139","/2010/05/samantha-bittman-and-amie-cunat-new-works/","1123631800","crawl-66-249-66-184.googlebot.com","1325536641","Mozilla/5.0 (compatible; Googlebot/2.1; +http://www.google.com/bot.html)",,,NULL
"649125","/2010/11/21/thorne-brandt-and-elisa-harkins/","1123631859","crawl-66-249-66-243.googlebot.com","1325533340","Mozilla/5.0 (compatible; Googlebot/2.1; +http://www.google.com/bot.html)",,,NULL
"649127","/2011/06/24/summer-2011-transition/","1123631859","crawl-66-249-66-243.googlebot.com","1325533400","Mozilla/5.0 (compatible; Googlebot/2.1; +http://www.google.com/bot.html)",,,NULL
"649140","/2010/11/kevin-jerome-everson/","3024881089","180.76.5.193","1325536683","Mozilla/5.0 (compatible; Baiduspider/2.0; +http://www.baidu.com/search/spider.html)",,,NULL
"648672","/2011/07/karolina-gnatowski-and-diana-guerrero-macia-sea-change/","1123631800","crawl-66-249-66-184.googlebot.com","1325519073","Mozilla/5.0 (compatible; Googlebot/2.1; +http://www.google.com/bot.html)",,,NULL
"648673","/2011/07/17/karolina-gnatowski-and-diana-guerrero-macia-sea-change/","1123633069","crawl-66-249-71-173.googlebot.com","1325519101","Mozilla/5.0 (compatible; Googlebot/2.1; +http://www.google.com/bot.html)",,,NULL
"648679","/tag/2nd-flr-gallery/?m=2010078","1123633009","crawl-66-249-71-113.googlebot.com","1325519219","Mozilla/5.0 (compatible; Googlebot/2.1; +http://www.google.com/bot.html)",,,NULL
"648682","/wp-content/themes/developer/favicon.ico","1658154913","c-98-213-111-161.hsd1.il.comcast.net","1325519383","Mozilla/5.0 (Macintosh; U; Intel Mac OS X 10.6; en-US; rv:1.9.2.3) Gecko/20100401 Firefox/3.6.3",,,NULL
"648683","/2011/07/16/addis-experience/","1123631859","crawl-66-249-66-243.googlebot.com","1325519407","Mozilla/5.0 (compatible; Googlebot/2.1; +http://www.google.com/bot.html)",,,NULL
"648684","/2011/05/frank-piatek-lecture-notes-working-drawing-ludibrium-world-trees-that-float/","1123633009","crawl-66-249-71-113.googlebot.com","1325519429","Mozilla/5.0 (compatible; Googlebot/2.1; +http://www.google.com/bot.html)",,,NULL
"648692","/2011/07/dominick-di-meo-transfer/","1123631800","crawl-66-249-66-184.googlebot.com","1325519756","Mozilla/5.0 (compatible; Googlebot/2.1; +http://www.google.com/bot.html)",,,NULL
"648691","/tag/noble-square/","3475901676","msnbot-207-46-12-236.search.msn.com","1325519709","Mozilla/5.0 (compatible; bingbot/2.0; +http://www.bing.com/bingbot.htm)",,,NULL
"648695","/2011/05/while-all-such-things-end/","1123631800","crawl-66-249-66-184.googlebot.com","1325519916","Mozilla/5.0 (compatible; Googlebot/2.1; +http://www.google.com/bot.html)",,,NULL
"648702","/2011/09/nathan-vernau-lovesick/","1123633009","crawl-66-249-71-113.googlebot.com","1325520304","Mozilla/5.0 (compatible; Googlebot/2.1; +http://www.google.com/bot.html)",,,NULL
"648707","/2011/10/john-henley-cant-stop/","1123631800","crawl-66-249-66-184.googlebot.com","1325520513","Mozilla/5.0 (compatible; Googlebot/2.1; +http://www.google.com/bot.html)",,,NULL
"648711","/robots.txt","3497226579","208.115.113.83","1325520607","Mozilla/5.0 (compatible; Ezooms/1.0; ezooms.bot@gmail.com)",,,NULL
"648713","/2011/07/aron-gent-not-quite-as-good-because-of-you/","1123631800","crawl-66-249-66-184.googlebot.com","1325520681","Mozilla/5.0 (compatible; Googlebot/2.1; +http://www.google.com/bot.html)",,,NULL
"648646","/2011/12/16/","1248791299","pool-74-111-11-3.syrcny.fios.verizon.net","1325518309","Mozilla/5.0 (compatible; MJ12bot/v1.4.1; http://www.majestic12.co.uk/bot.php?+)",,,NULL
"648649","/robots.txt","1248791299","pool-74-111-11-3.syrcny.fios.verizon.net","1325518314","Mozilla/5.0 (compatible; MJ12bot/v1.4.1; http://www.majestic12.co.uk/bot.php?+)",,,NULL
"648648","/2011/12/ding-dong/","1248791299","pool-74-111-11-3.syrcny.fios.verizon.net","1325518313","Mozilla/5.0 (compatible; MJ12bot/v1.4.1; http://www.majestic12.co.uk/bot.php?+)",,,NULL
"648653","/robots.txt","1248791299","pool-74-111-11-3.syrcny.fios.verizon.net","1325518319","Mozilla/5.0 (compatible; MJ12bot/v1.4.1; http://www.majestic12.co.uk/bot.php?+)",,,NULL
"648659","/2011/06/24/michael-sirianni-ctrl/","1123633069","crawl-66-249-71-173.googlebot.com","1325518340","Mozilla/5.0 (compatible; Googlebot/2.1; +http://www.google.com/bot.html)",,,NULL
"648660","/2010/02/maya-lin/","3585769230","213.186.127.14.utel.net.ua","1325518536","Mozilla/5.0 (compatible; AhrefsBot/2.0; +http://ahrefs.com/robot/)",,,NULL
"648661","/2011/05/zak-kitnick-and-valerie-snobeck/","1123631800","crawl-66-249-66-184.googlebot.com","1325518699","Mozilla/5.0 (compatible; Googlebot/2.1; +http://www.google.com/bot.html)",,,NULL
"648662","/2010/01/rune/","3024881180","180.76.6.28","1325518708","Mozilla/5.0 (compatible; Baiduspider/2.0; +http://www.baidu.com/search/spider.html)",,,NULL
"648701","/2011/05/matthew-metzger-nocturne/","1123631800","crawl-66-249-66-184.googlebot.com","1325520302","Mozilla/5.0 (compatible; Googlebot/2.1; +http://www.google.com/bot.html)",,,NULL
"648717","/2011/03/you-can-never-step-into-the-same-river-twice/","1123631800","crawl-66-249-66-184.googlebot.com","1325520913","Mozilla/5.0 (compatible; Googlebot/2.1; +http://www.google.com/bot.html)",,,NULL
"648718","/2011/06/30/go-figure/","1123633069","crawl-66-249-71-173.googlebot.com","1325520917","Mozilla/5.0 (compatible; Googlebot/2.1; +http://www.google.com/bot.html)",,,NULL
"648721","/2009/12/11/scott-stulen/","3497226579","208.115.113.83","1325520947","Mozilla/5.0 (compatible; Ezooms/1.0; ezooms.bot@gmail.com)",,,NULL
"648722","/2009/12/adam-ekberg/","3497226579","208.115.113.83","1325520953","Mozilla/5.0 (compatible; Ezooms/1.0; ezooms.bot@gmail.com)",,,NULL
"649123","/2011/04/nazafarin-lotfi-inbetween/","1123631800","crawl-66-249-66-184.googlebot.com","1325533309","Mozilla/5.0 (compatible; Googlebot/2.1; +http://www.google.com/bot.html)",,,NULL
"648635","/wp-cron.php?doing_wp_cron=1325517754","3098365794","server6.lithiumhosting.com","1325517754","WordPress/3.3; http://www.thevisualist.org",,,NULL
"648636","/2011/08/da-mock-show-uic/","1123633009","crawl-66-249-71-113.googlebot.com","1325517754","Mozilla/5.0 (compatible; Googlebot/2.1; +http://www.google.com/bot.html)",,,NULL
"648638","/?m=20100210","3024880991","180.76.5.95","1325517900","Mozilla/5.0 (compatible; Baiduspider/2.0; +http://www.baidu.com/search/spider.html)",,,NULL
"648639","/2010/02/10/","3024881087","180.76.5.191","1325517901","Mozilla/5.0 (compatible; Baiduspider/2.0; +http://www.baidu.com/search/spider.html)",,,NULL
"648640","/2011/07/samuel-d-york/","1123631800","crawl-66-249-66-184.googlebot.com","1325518005","Mozilla/5.0 (compatible; Googlebot/2.1; +http://www.google.com/bot.html)",,,NULL
"648641","/2011/05/28/mark-bradford/","1123631859","crawl-66-249-66-243.googlebot.com","1325518068","Mozilla/5.0 (compatible; Googlebot/2.1; +http://www.google.com/bot.html)",,,NULL
"648644","/robots.txt","1248791299","pool-74-111-11-3.syrcny.fios.verizon.net","1325518305","Mozilla/5.0 (compatible; MJ12bot/v1.4.1; http://www.majestic12.co.uk/bot.php?+)",,,NULL
"648833","/2011/07/23/im-happy-and-im-singing/","1123631859","crawl-66-249-66-243.googlebot.com","1325524788","Mozilla/5.0 (compatible; Googlebot/2.1; +http://www.google.com/bot.html)",,,NULL
"648823","/2011/06/cameron-crawford-babies-babies-no-babies-armpit/","1123633009","crawl-66-249-71-113.googlebot.com","1325524634","Mozilla/5.0 (compatible; Googlebot/2.1; +http://www.google.com/bot.html)",,,NULL
"648820","/2011/12/tell-tale-signs/","1600975099","spider-95-108-240-251.yandex.com","1325524525","Mozilla/5.0 (compatible; YandexBot/3.0; +http://yandex.com/bots)",,,NULL
"648824","/2009/09/jorge-minano-ramirez-rhetorics-of-memory/","1123631800","crawl-66-249-66-184.googlebot.com","1325524641","Mozilla/5.0 (compatible; Googlebot/2.1; +http://www.google.com/bot.html)",,,NULL
"648825","/2011/05/kendell-carter/feed/","1123633009","crawl-66-249-71-113.googlebot.com","1325524646","Mozilla/5.0 (compatible; Googlebot/2.1; +http://www.google.com/bot.html)",,,NULL
"648974","/2011/04","1427726170","luna186.startdedicated.com","1325529211","Mozilla/4.0 (compatible; MSIE 6.0; Windows NT 5.1; SV1)",,,NULL
"648991","/wp-content/themes/developer/leftbar.png),%20url(rightbar.png","1262322709","adsl-75-61-132-21.dsl.pltn13.sbcglobal.net","1325529292","Mozilla/4.0 (compatible; MSIE 8.0; Windows NT 6.1; WOW64; Trident/4.0; SLCC2; .NET CLR 2.0.50727; .NET CLR 3.5.30729; .NET CLR 3.0.30729; Media Center PC 6.0; .NET4.0C; InfoPath.1; BRI/2; update/10559","http://www.thevisualist.org/","www.thevisualist.org",NULL
"648993","/2010/09","1427726170","luna186.startdedicated.com","1325529322","Mozilla/4.0 (compatible; MSIE 6.0; Windows NT 5.1; SV1)",,,NULL
"648995","/2010/08","1427726170","luna186.startdedicated.com","1325529338","Mozilla/4.0 (compatible; MSIE 6.0; Windows NT 5.1; SV1)",,,NULL
"648997","/2010/07","1427726170","luna186.startdedicated.com","1325529349","Mozilla/4.0 (compatible; MSIE 6.0; Windows NT 5.1; SV1)",,,NULL
"648996","/2010/08/","1427726170","luna186.startdedicated.com","1325529339","Mozilla/4.0 (compatible; MSIE 6.0; Windows NT 5.1; SV1)",,,NULL
"649082","/2011/03/19/tiphanie-spencer-subconscious-thought/feed/","1123631859","crawl-66-249-66-243.googlebot.com","1325531800","Mozilla/5.0 (compatible; Googlebot/2.1; +http://www.google.com/bot.html)",,,NULL
"649084","/2011/07/new-catalogue-and-kandis-williams/","1204753695","c-71-207-21-31.hsd1.pa.comcast.net","1325531877","Mozilla/5.0 (Macintosh; U; Intel Mac OS X 10_6_4; en-us) AppleWebKit/533.17.8 (KHTML, like Gecko) Version/5.0.1 Safari/533.17.8","http://www.google.com/url?sa=t&rct=j&q=%20%E2%80%9C%20new%20catalogue%2F%20kandis%20williams%20%E2%80%9D%20new%20capital%20projects.%20chicago&source=web&cd=2&sqi=2&ved=0CCQQFjAB&url=http%3A%2F%2Fwww.thevisualist.org%2F2011%2F07%2Fnew-catalogue-and-kandis","www.google.com","  new catalogue/ kandis williams  new capital projects. chicago"
"649085","/2009/09/jonas-wood/","1123631800","crawl-66-249-66-184.googlebot.com","1325531891","Mozilla/5.0 (compatible; Googlebot/2.1; +http://www.google.com/bot.html)",,,NULL
"648967","/2011/06/25/cameron-crawford-babies-babies-no-babies-armpit/","1123631859","crawl-66-249-66-243.googlebot.com","1325529149","Mozilla/5.0 (compatible; Googlebot/2.1; +http://www.google.com/bot.html)",,,NULL
"649019","/2011/10/dmitry-samarov-hack-pictures-from-a-chicago-club/","1123631800","crawl-66-249-66-184.googlebot.com","1325530069","Mozilla/5.0 (compatible; Googlebot/2.1; +http://www.google.com/bot.html)",,,NULL
"649024","/robots.txt","3497226051","208-115-111-67-reverse.wowrack.com","1325530176","Mozilla/5.0 (compatible; Ezooms/1.0; ezooms.bot@gmail.com)",,,NULL
"649028","/thanks/","2923911446","ip174-71-89-22.om.om.cox.net","1325530313","Mozilla/5.0 (Macintosh; Intel Mac OS X 10_6_8) AppleWebKit/535.7 (KHTML, like Gecko) Chrome/16.0.912.63 Safari/535.7","http://www.thevisualist.org/submit/","www.thevisualist.org",NULL
"649065","/?m=20111011","1123631800","crawl-66-249-66-184.googlebot.com","1325531204","Mozilla/5.0 (compatible; Googlebot/2.1; +http://www.google.com/bot.html)",,,NULL
"649072","/feed/","1208928002","rate-limited-proxy-72-14-199-2.google.com","1325531547","Feedfetcher-Google; (+http://www.google.com/feedfetcher.html; 19 subscribers; feed-id=17746194570529843315)",,,NULL
"649069","/2011/07/20/","1123631800","crawl-66-249-66-184.googlebot.com","1325531319","Mozilla/5.0 (compatible; Googlebot/2.1; +http://www.google.com/bot.html)",,,NULL
"649078","/?m=20100717","3024881044","180.76.5.148","1325531756","Mozilla/5.0 (compatible; Baiduspider/2.0; +http://www.baidu.com/search/spider.html)",,,NULL
"648988","/2010/10","1427726170","luna186.startdedicated.com","1325529287","Mozilla/4.0 (compatible; MSIE 6.0; Windows NT 5.1; SV1)",,,NULL
"648989","/2010/10/","1427726170","luna186.startdedicated.com","1325529288","Mozilla/4.0 (compatible; MSIE 6.0; Windows NT 5.1; SV1)",,,NULL
"648990","/","1262322709","adsl-75-61-132-21.dsl.pltn13.sbcglobal.net","1325529290","Mozilla/4.0 (compatible; MSIE 8.0; Windows NT 6.1; WOW64; Trident/4.0; SLCC2; .NET CLR 2.0.50727; .NET CLR 3.5.30729; .NET CLR 3.0.30729; Media Center PC 6.0; .NET4.0C; InfoPath.1; BRI/2; update/10559","http://search.yahoo.com/search;_ylt=A0oGdXyz.AFPQgMA6j9XNyoA;_ylc=X1MDMjc2NjY3OQRfcgMyBGFvAzAEZnIDeWZwLXQtNzAxBGhvc3RwdmlkA1daQXNFRW9HZFRBY1R2V05Udm9hWHdIc1N6MkVGVThCLkxNQURYb24Ebl9ncHMDMARuX3ZwcwMwBG9yaWdpbgNzcnAEcXVlcnkDdmlzdWFsIGFydCBzb3VyY2UgY2FsZW5kY","search.yahoo.com","visual art source calendar"
"648982","/2011/01/","1427726170","luna186.startdedicated.com","1325529256","Mozilla/4.0 (compatible; MSIE 6.0; Windows NT 5.1; SV1)",,,NULL
"648983","/2009/09/bill-brown-and-sabine-gruffat-the-time-machine/","1123631800","crawl-66-249-66-184.googlebot.com","1325529263","Mozilla/5.0 (compatible; Googlebot/2.1; +http://www.google.com/bot.html)",,,NULL
"648984","/2010/12","1427726170","luna186.startdedicated.com","1325529265","Mozilla/4.0 (compatible; MSIE 6.0; Windows NT 5.1; SV1)",,,NULL
"648987","/2010/11/","1427726170","luna186.startdedicated.com","1325529274","Mozilla/4.0 (compatible; MSIE 6.0; Windows NT 5.1; SV1)",,,NULL
"648992","/2011/02/sergio-torres-torres/","1123631800","crawl-66-249-66-184.googlebot.com","1325529311","Mozilla/5.0 (compatible; Googlebot/2.1; +http://www.google.com/bot.html)",,,NULL
"648994","/2010/09/","1427726170","luna186.startdedicated.com","1325529326","Mozilla/4.0 (compatible; MSIE 6.0; Windows NT 5.1; SV1)",,,NULL
"649006","/2011/04/gego-gerd-leufert/","2071867981","123.126.50.77","1325529710","Sogou web spider/4.0(+http://www.sogou.com/docs/help/webmasters.htm#07)",,,NULL
"649008","/2011/07/subject-object/","1123631800","crawl-66-249-66-184.googlebot.com","1325529729","Mozilla/5.0 (compatible; Googlebot/2.1; +http://www.google.com/bot.html)",,,NULL
"649011","/wp-content/themes/developer/favicon.ico","2923911446","ip174-71-89-22.om.om.cox.net","1325529874","Mozilla/5.0 (Macintosh; Intel Mac OS X 10_6_8) AppleWebKit/535.7 (KHTML, like Gecko) Chrome/16.0.912.63 Safari/535.7",,,NULL
"649012","/?m=20100612","1123631800","crawl-66-249-66-184.googlebot.com","1325529880","Mozilla/5.0 (compatible; Googlebot/2.1; +http://www.google.com/bot.html)",,,NULL
"649014","/2009/12/14/","1123633009","crawl-66-249-71-113.googlebot.com","1325529901","Mozilla/5.0 (compatible; Googlebot/2.1; +http://www.google.com/bot.html)",,,NULL
"649000","/2010/06/","1427726170","luna186.startdedicated.com","1325529365","Mozilla/4.0 (compatible; MSIE 6.0; Windows NT 5.1; SV1)",,,NULL
"649001","/2010/05","1427726170","luna186.startdedicated.com","1325529387","Mozilla/4.0 (compatible; MSIE 6.0; Windows NT 5.1; SV1)",,,NULL
"649002","/2010/05/","1427726170","luna186.startdedicated.com","1325529388","Mozilla/4.0 (compatible; MSIE 6.0; Windows NT 5.1; SV1)",,,NULL
"649005","/2010/11/11/tomboy/","1123631859","crawl-66-249-66-243.googlebot.com","1325529557","Mozilla/5.0 (compatible; Googlebot/2.1; +http://www.google.com/bot.html)",,,NULL
"649009","/2011/10/alberto-aguilar-michelle-harris/","1123633009","crawl-66-249-71-113.googlebot.com","1325529772","Mozilla/5.0 (compatible; Googlebot/2.1; +http://www.google.com/bot.html)",,,NULL
"649017","/2010/08/corinne-d%E2%80%99agustino-and-thomas-i%E2%80%99anson-squaring-the-circle/","3024881384","180.76.6.232","1325529999","Mozilla/5.0 (compatible; Baiduspider/2.0; +http://www.baidu.com/search/spider.html)",,,NULL
"649013","/2011/04/erika-nelson-public-culture-7/","3585769230","213.186.127.14.utel.net.ua","1325529886","Mozilla/5.0 (compatible; AhrefsBot/2.0; +http://ahrefs.com/robot/)",,,NULL
"648933","/tag/logan-square/","3475948527","msnbot-207-46-195-239.search.msn.com","1325528085","Mozilla/5.0 (compatible; bingbot/2.0; +http://www.bing.com/bingbot.htm)",,,NULL
"648935","/2009/09/double-dutch/","2000667706","119.63.196.58","1325528121","Mozilla/5.0 (compatible; Baiduspider/2.0; +http://www.baidu.com/search/spider.html)",,,NULL
"648936","/2010/12/isolated-fictions/","1123633009","crawl-66-249-71-113.googlebot.com","1325528159","Mozilla/5.0 (compatible; Googlebot/2.1; +http://www.google.com/bot.html)",,,NULL
"648942","/?m=20100510","3024880961","180.76.5.65","1325528354","Mozilla/5.0 (compatible; Baiduspider/2.0; +http://www.baidu.com/search/spider.html)",,,NULL
"648944","/2010/09/kehinde-wiley-the-world-stage-india-sri-lanka/","1123633009","crawl-66-249-71-113.googlebot.com","1325528359","Mozilla/5.0 (compatible; Googlebot/2.1; +http://www.google.com/bot.html)",,,NULL
"648945","/2009/10/fred-sandback/","1123631800","crawl-66-249-66-184.googlebot.com","1325528380","Mozilla/5.0 (compatible; Googlebot/2.1; +http://www.google.com/bot.html)",,,NULL
"648971","/2011/06/","1427726170","luna186.startdedicated.com","1325529192","Mozilla/4.0 (compatible; MSIE 6.0; Windows NT 5.1; SV1)",,,NULL
"649039","/2011/03/19/tiphanie-spencer-subconscious-thought/","3497226051","208-115-111-67-reverse.wowrack.com","1325530576","Mozilla/5.0 (compatible; Ezooms/1.0; ezooms.bot@gmail.com)",,,NULL
"649007","/?m=20111022","1123631800","crawl-66-249-66-184.googlebot.com","1325529725","Mozilla/5.0 (compatible; Googlebot/2.1; +http://www.google.com/bot.html)",,,NULL
"649003","/?m=20100710","1123631800","crawl-66-249-66-184.googlebot.com","1325529417","Mozilla/5.0 (compatible; Googlebot/2.1; +http://www.google.com/bot.html)",,,NULL
"649010","/2011/03/you-can-never-step-into-the-same-river-twice/feed/","1123633009","crawl-66-249-71-113.googlebot.com","1325529845","Mozilla/5.0 (compatible; Googlebot/2.1; +http://www.google.com/bot.html)",,,NULL
"649031","/feed/atom/","1667032315","99-92-228-251.lightspeed.cicril.sbcglobal.net","1325530386","Apple-PubSub/65.28",,,NULL
"649033","/?m=20110720","1123633009","crawl-66-249-71-113.googlebot.com","1325530463","Mozilla/5.0 (compatible; Googlebot/2.1; +http://www.google.com/bot.html)",,,NULL
"649041","/2010/07/30/you-are-not-making-art/","3497226051","208-115-111-67-reverse.wowrack.com","1325530586","Mozilla/5.0 (compatible; Ezooms/1.0; ezooms.bot@gmail.com)",,,NULL
"649042","/2010/03/20/music-from-big-pink/feed/","3497226051","208-115-111-67-reverse.wowrack.com","1325530588","Mozilla/5.0 (compatible; Ezooms/1.0; ezooms.bot@gmail.com)",,,NULL
"649047","/2010/12/18/john-almanza-and-cameron-crawford/","1123631859","crawl-66-249-66-243.googlebot.com","1325530669","Mozilla/5.0 (compatible; Googlebot/2.1; +http://www.google.com/bot.html)",,,NULL
"649018","/?m=20111012","1123631800","crawl-66-249-66-184.googlebot.com","1325530010","Mozilla/5.0 (compatible; Googlebot/2.1; +http://www.google.com/bot.html)",,,NULL
"649034","/2011/03/nicholas-obrien-i-am-back/","3497226051","208-115-111-67-reverse.wowrack.com","1325530491","Mozilla/5.0 (compatible; Ezooms/1.0; ezooms.bot@gmail.com)",,,NULL
"649029","/thanks/","2923911446","ip174-71-89-22.om.om.cox.net","1325530314","Mozilla/5.0 (Macintosh; Intel Mac OS X 10_6_8) AppleWebKit/535.7 (KHTML, like Gecko) Chrome/16.0.912.63 Safari/535.7","http://www.thevisualist.org/submit/","www.thevisualist.org",NULL
"649026","/2009/11/05/","1123631800","crawl-66-249-66-184.googlebot.com","1325530311","Mozilla/5.0 (compatible; Googlebot/2.1; +http://www.google.com/bot.html)",,,NULL
"649037","/2009/12/joe-hardesty/","3497226051","208-115-111-67-reverse.wowrack.com","1325530564","Mozilla/5.0 (compatible; Ezooms/1.0; ezooms.bot@gmail.com)",,,NULL
"649015","/2011/06/cut-bit-and-curious/","1123631800","crawl-66-249-66-184.googlebot.com","1325529934","Mozilla/5.0 (compatible; Googlebot/2.1; +http://www.google.com/bot.html)",,,NULL
"649016","/2010/06/banshee/feed/","1123631800","crawl-66-249-66-184.googlebot.com","1325529976","Mozilla/5.0 (compatible; Googlebot/2.1; +http://www.google.com/bot.html)",,,NULL
"649023","/2011/03/gillgill/feed/","1123633009","crawl-66-249-71-113.googlebot.com","1325530153","Mozilla/5.0 (compatible; Googlebot/2.1; +http://www.google.com/bot.html)",,,NULL
